q,GLFT_freq,Y-aware_freq,Alpha/Y-aware_freq,Regime-aware_freq,Regime Galerkin_freq,Regime sc-cubic_freq
-60,3.27e-06,0,0,0,0,0
-59,5.44e-06,0,0,0,0,0
-58,9.475e-06,0,0,0,0,0
-57,1.5805e-05,0,0,0,0,0
-56,2.4745e-05,0,0,0,0,0
-55,3.721e-05,0,0,0,0,0
-54,5.681e-05,0,0,0,0,0
-53,9.028e-05,0,0,0,0,0
-52,0.000126235,0,0,0,0,0
-51,0.000178535,0,0,0,0,0
-50,0.00024371,0,0,0,0,0
-49,0.000351885,0,0,0,0,0
-48,0.00046701,0,0,0,0,0
-47,0.000622075,0,0,0,0,0
-46,0.000801265,0,0,0,0,0
-45,0.00101746,0,0,0,0,0
-44,0.00126627,0,0,0,0,0
-43,0.001547235,0,0,0,0,0
-42,0.001892725,0,0,0,0,0
-41,0.00223902,0,0,0,0,0
-40,0.00266343,0,0,0,0,0
-39,0.003143325,0,0,0,0,0
-38,0.00362339,0,0,0,0,0
-37,0.00418989,0,0,0,0,0
-36,0.004751625,0,0,0,0,0
-35,0.00530923,0,0,0,1.5e-08,0
-34,0.00592883,0,0,0,7e-08,0
-33,0.00652491,0,0,0,2.55e-07,0
-32,0.007159705,0,0,0,1.525e-06,2e-08
-31,0.00777677,0,0,5e-08,9.15e-06,1e-07
-30,0.008392695,0,0,4.35e-07,3.589e-05,9.4e-07
-29,0.009005265,0,0,2.405e-06,0.00011948,5.05e-06
-28,0.00962585,0,0,1.1365e-05,0.000325465,2.454e-05
-27,0.010188775,0,0,4.098e-05,0.000783865,0.000100455
-26,0.010783605,0,5e-09,0.000146765,0.001642705,0.000321505
-25,0.01137627,0,2.5e-08,0.000431445,0.00301608,0.0009103
-24,0.011859235,7e-08,4.1e-07,0.00107852,0.004991395,0.002207875
-23,0.01232976,2.9e-07,2.43e-06,0.002317755,0.00742229,0.004549005
-22,0.012794195,1.255e-06,1.453e-05,0.004294855,0.00998945,0.008085275
-21,0.013238615,5.56e-06,5.5655e-05,0.00709885,0.012463305,0.01232178
-20,0.01362632,2.76e-05,0.00019592,0.010273205,0.01456245,0.01643379
-19,0.014052165,9.999e-05,0.000571375,0.013575865,0.016306785,0.0195159
-18,0.01438904,0.00029247,0.00151695,0.0164989,0.017708235,0.02155655
-17,0.01470963,0.000786165,0.003500605,0.01896832,0.019018025,0.022551975
-16,0.01504818,0.001794605,0.00682916,0.02101592,0.02024375,0.023234845
-15,0.01535064,0.003620675,0.01178981,0.022574355,0.0216133,0.023832585
-14,0.015598125,0.006604505,0.0179215,0.023876765,0.022893135,0.02436559
-13,0.01586012,0.010694675,0.02436953,0.0249795,0.0240952,0.02505195
-12,0.016043375,0.015789275,0.03012573,0.02585031,0.025139815,0.025530965
-11,0.01621537,0.02139526,0.034399445,0.02650465,0.026036445,0.025714605
-10,0.01641985,0.027025875,0.03703127,0.026980545,0.026780275,0.0254504
-9,0.01653598,0.032357885,0.038101465,0.02724378,0.02717189,0.025074695
-8,0.01664352,0.0369077,0.03810563,0.02732846,0.02665698,0.02459183
-7,0.01678214,0.040473905,0.037418535,0.027239895,0.02533582,0.02398041
-6,0.016865965,0.0431902,0.03629997,0.026968305,0.023858715,0.023360975
-5,0.016950885,0.045050815,0.035070915,0.0266737,0.022913735,0.02285063
-4,0.017037125,0.04640751,0.033907985,0.026476115,0.0224322,0.0224103
-3,0.017086255,0.047284845,0.032974355,0.026316045,0.022148415,0.022034235
-2,0.01715281,0.04774448,0.032240825,0.02617144,0.021860405,0.02173778
-1,0.017203185,0.048010535,0.03177826,0.02612157,0.021738215,0.021605415
0,0.01735503,0.04838626,0.032007655,0.026358795,0.021920805,0.021793355
1,0.01718585,0.048058825,0.031777515,0.026042265,0.021742195,0.021558525
2,0.01714469,0.04778438,0.03217742,0.026090545,0.021877965,0.021688145
3,0.01707418,0.047277715,0.032898395,0.026230485,0.022039895,0.02195525
4,0.017043995,0.04648655,0.03389812,0.02643627,0.022350945,0.02236314
5,0.0169653,0.04520626,0.03503912,0.026651625,0.02289435,0.022820205
6,0.016879515,0.04319338,0.03628666,0.02687578,0.02384222,0.02333863
7,0.01678707,0.04042837,0.0373584,0.027128365,0.025214095,0.023907325
8,0.01666956,0.03686051,0.03811744,0.027197195,0.026575875,0.024458795
9,0.01658115,0.032390335,0.03814133,0.027151145,0.027100405,0.02501149
10,0.01643051,0.02711262,0.0370007,0.02700618,0.026652245,0.02544685
11,0.016237005,0.021420165,0.034402645,0.02653261,0.02599252,0.02564989
12,0.016030515,0.0158194,0.030129325,0.025775375,0.025134275,0.025510475
13,0.01585281,0.01066458,0.02441126,0.024945715,0.02406565,0.02502364
14,0.015600035,0.00661043,0.01785484,0.023832375,0.02287104,0.02436441
15,0.0153548,0.00369657,0.01172463,0.022592435,0.02156299,0.02371859
16,0.0150949,0.001813525,0.006756,0.02102653,0.020265945,0.02310771
17,0.01475049,0.00078012,0.00344637,0.01909266,0.019004205,0.02260732
18,0.01441378,0.000302235,0.00150895,0.01665781,0.017705995,0.021516205
19,0.01402028,0.00010711,0.000585005,0.01363154,0.01633768,0.019624845
20,0.013680675,2.7125e-05,0.00018581,0.01032761,0.014584085,0.016436455
21,0.01324668,6.27e-06,5.562e-05,0.007039195,0.012486665,0.012411685
22,0.012793965,1.005e-06,1.231e-05,0.00429761,0.01002439,0.008126055
23,0.012316845,5e-08,1.91e-06,0.00228459,0.007439975,0.004601085
24,0.011823215,6.5e-08,2.7e-07,0.00107215,0.00500564,0.002201665
25,0.0112874,0,1e-08,0.000442485,0.00305045,0.000896685
26,0.010762165,0,0,0.000154215,0.00165577,0.00031962
27,0.010174185,0,0,4.8375e-05,0.000784805,9.8585e-05
28,0.009588745,0,0,1.3505e-05,0.000328865,2.4725e-05
29,0.008955,0,0,2.81e-06,0.00012117,5.225e-06
30,0.008372475,0,0,6.35e-07,3.7765e-05,9.15e-07
31,0.00777462,0,0,4.5e-08,1.0825e-05,2.25e-07
32,0.007166815,0,0,5e-09,2.87e-06,1e-08
33,0.006534395,0,0,0,6.45e-07,0
34,0.005932495,0,0,0,4e-08,0
35,0.005357225,0,0,0,1.5e-08,0
36,0.004717265,0,0,0,0,0
37,0.00416474,0,0,0,0,0
38,0.00365993,0,0,0,0,0
39,0.00316931,0,0,0,0,0
40,0.00273531,0,0,0,0,0
41,0.002260885,0,0,0,0,0
42,0.00188708,0,0,0,0,0
43,0.001568115,0,0,0,0,0
44,0.001262265,0,0,0,0,0
45,0.00100838,0,0,0,0,0
46,0.00080612,0,0,0,0,0
47,0.00062351,0,0,0,0,0
48,0.00047404,0,0,0,0,0
49,0.00035386,0,0,0,0,0
50,0.00026415,0,0,0,0,0
51,0.000187635,0,0,0,0,0
52,0.000129465,0,0,0,0,0
53,8.503e-05,0,0,0,0,0
54,5.9245e-05,0,0,0,0,0
55,4.516e-05,0,0,0,0,0
56,2.8585e-05,0,0,0,0,0
57,1.687e-05,0,0,0,0,0
58,9.855e-06,0,0,0,0,0
59,6.515e-06,0,0,0,0,0
60,5.805e-06,0,0,0,0,0
