tau,q,spread
0,-30,0.9975083022
0,-29,0.9975083022
0,-28,0.9975083022
0,-27,0.9975083022
0,-26,0.9975083022
0,-25,0.9975083022
0,-24,0.9975083022
0,-23,0.9975083022
0,-22,0.9975083022
0,-21,0.9975083022
0,-20,0.9975083022
0,-19,0.9975083022
0,-18,0.9975083022
0,-17,0.9975083022
0,-16,0.9975083022
0,-15,0.9975083022
0,-14,0.9975083022
0,-13,0.9975083022
0,-12,0.9975083022
0,-11,0.9975083022
0,-10,0.9975083022
0,-9,0.9975083022
0,-8,0.9975083022
0,-7,0.9975083022
0,-6,0.9975083022
0,-5,0.9975083022
0,-4,0.9975083022
0,-3,0.9975083022
0,-2,0.9975083022
0,-1,0.9975083022
0,0,0.9975083022
0,1,0.9975083022
0,2,0.9975083022
0,3,0.9975083022
0,4,0.9975083022
0,5,0.9975083022
0,6,0.9975083022
0,7,0.9975083022
0,8,0.9975083022
0,9,0.9975083022
0,10,0.9975083022
0,11,0.9975083022
0,12,0.9975083022
0,13,0.9975083022
0,14,0.9975083022
0,15,0.9975083022
0,16,0.9975083022
0,17,0.9975083022
0,18,0.9975083022
0,19,0.9975083022
0,20,0.9975083022
0,21,0.9975083022
0,22,0.9975083022
0,23,0.9975083022
0,24,0.9975083022
0,25,0.9975083022
0,26,0.9975083022
0,27,0.9975083022
0,28,0.9975083022
0,29,0.9975083022
0,30,0.9975083022
10,-30,1.006145595
10,-29,1.006147311
10,-28,1.006148967
10,-27,1.006150563
10,-26,1.0061521
10,-25,1.006153576
10,-24,1.006154993
10,-23,1.006156351
10,-22,1.00615765
10,-21,1.00615889
10,-20,1.006160071
10,-19,1.006161193
10,-18,1.006162257
10,-17,1.006163263
10,-16,1.00616421
10,-15,1.0061651
10,-14,1.006165931
10,-13,1.006166705
10,-12,1.006167421
10,-11,1.006168079
10,-10,1.00616868
10,-9,1.006169223
10,-8,1.006169709
10,-7,1.006170137
10,-6,1.006170509
10,-5,1.006170823
10,-4,1.00617108
10,-3,1.006171279
10,-2,1.006171422
10,-1,1.006171508
10,0,1.006171536
10,1,1.006171508
10,2,1.006171422
10,3,1.006171279
10,4,1.00617108
10,5,1.006170823
10,6,1.006170509
10,7,1.006170137
10,8,1.006169709
10,9,1.006169223
10,10,1.00616868
10,11,1.006168079
10,12,1.006167421
10,13,1.006166705
10,14,1.006165931
10,15,1.0061651
10,16,1.00616421
10,17,1.006163263
10,18,1.006162257
10,19,1.006161193
10,20,1.006160071
10,21,1.00615889
10,22,1.00615765
10,23,1.006156351
10,24,1.006154993
10,25,1.006153576
10,26,1.0061521
10,27,1.006150563
10,28,1.006148967
10,29,1.006147311
10,30,1.006145595
20,-30,1.012698337
20,-29,1.012729859
20,-28,1.012760364
20,-27,1.012789846
20,-26,1.012818299
20,-25,1.012845717
20,-24,1.012872096
20,-23,1.012897431
20,-22,1.012921717
20,-21,1.012944949
20,-20,1.012967125
20,-19,1.012988241
20,-18,1.013008292
20,-17,1.013027276
20,-16,1.01304519
20,-15,1.013062031
20,-14,1.013077796
20,-13,1.013092484
20,-12,1.013106092
20,-11,1.013118618
20,-10,1.01313006
20,-9,1.013140418
20,-8,1.013149688
20,-7,1.013157871
20,-6,1.013164965
20,-5,1.013170969
20,-4,1.013175883
20,-3,1.013179705
20,-2,1.013182436
20,-1,1.013184074
20,0,1.01318462
20,1,1.013184074
20,2,1.013182436
20,3,1.013179705
20,4,1.013175883
20,5,1.013170969
20,6,1.013164965
20,7,1.013157871
20,8,1.013149688
20,9,1.013140418
20,10,1.01313006
20,11,1.013118618
20,12,1.013106092
20,13,1.013092484
20,14,1.013077796
20,15,1.013062031
20,16,1.01304519
20,17,1.013027276
20,18,1.013008292
20,19,1.012988241
20,20,1.012967125
20,21,1.012944949
20,22,1.012921717
20,23,1.012897431
20,24,1.012872096
20,25,1.012845717
20,26,1.012818299
20,27,1.012789846
20,28,1.012760364
20,29,1.012729859
20,30,1.012698337
30,-30,1.016364403
30,-29,1.016468949
30,-28,1.016571072
30,-27,1.016670668
30,-26,1.016767638
30,-25,1.016861881
30,-24,1.0169533
30,-23,1.0170418
30,-22,1.017127287
30,-21,1.017209669
30,-20,1.017288858
30,-19,1.017364769
30,-18,1.017437317
30,-17,1.017506423
30,-16,1.01757201
30,-15,1.017634006
30,-14,1.01769234
30,-13,1.017746947
30,-12,1.017797764
30,-11,1.017844735
30,-10,1.017887805
30,-9,1.017926925
30,-8,1.01796205
30,-7,1.017993139
30,-6,1.018020156
30,-5,1.018043071
30,-4,1.018061855
30,-3,1.018076488
30,-2,1.018086952
30,-1,1.018093236
30,0,1.018095331
30,1,1.018093236
30,2,1.018086952
30,3,1.018076488
30,4,1.018061855
30,5,1.018043071
30,6,1.018020156
30,7,1.017993139
30,8,1.01796205
30,9,1.017926925
30,10,1.017887805
30,11,1.017844735
30,12,1.017797764
30,13,1.017746947
30,14,1.01769234
30,15,1.017634006
30,16,1.01757201
30,17,1.017506423
30,18,1.017437317
30,19,1.017364769
30,20,1.017288858
30,21,1.017209669
30,22,1.017127287
30,23,1.0170418
30,24,1.0169533
30,25,1.016861881
30,26,1.016767638
30,27,1.016670668
30,28,1.016571072
30,29,1.016468949
30,30,1.016364403
40,-30,1.018080521
40,-29,1.018261045
40,-28,1.018439083
40,-27,1.018614362
40,-26,1.018786606
40,-25,1.018955533
40,-24,1.01912086
40,-23,1.019282299
40,-22,1.019439562
40,-21,1.019592359
40,-20,1.019740404
40,-19,1.01988341
40,-18,1.020021093
40,-17,1.020153174
40,-16,1.020279381
40,-15,1.020399447
40,-14,1.020513112
40,-13,1.020620129
40,-12,1.020720257
40,-11,1.020813272
40,-10,1.020898958
40,-9,1.020977116
40,-8,1.021047563
40,-7,1.021110131
40,-6,1.021164669
40,-5,1.021211045
40,-4,1.021249146
40,-3,1.021278878
40,-2,1.021300168
40,-1,1.021312963
40,0,1.021317231
40,1,1.021312963
40,2,1.021300168
40,3,1.021278878
40,4,1.021249146
40,5,1.021211045
40,6,1.021164669
40,7,1.021110131
40,8,1.021047563
40,9,1.020977116
40,10,1.020898958
40,11,1.020813272
40,12,1.020720257
40,13,1.020620129
40,14,1.020513112
40,15,1.020399447
40,16,1.020279381
40,17,1.020153174
40,18,1.020021093
40,19,1.01988341
40,20,1.019740404
40,21,1.019592359
40,22,1.019439562
40,23,1.019282299
40,24,1.01912086
40,25,1.018955533
40,26,1.018786606
40,27,1.018614362
40,28,1.018439083
40,29,1.018261045
40,30,1.018080521
50,-30,1.018864216
50,-29,1.01910172
50,-28,1.019337656
50,-27,1.019571615
50,-26,1.01980317
50,-25,1.020031877
50,-24,1.020257275
50,-23,1.020478889
50,-22,1.020696233
50,-21,1.020908806
50,-20,1.021116101
50,-19,1.021317603
50,-18,1.021512793
50,-17,1.021701149
50,-16,1.021882152
50,-15,1.022055287
50,-14,1.022220047
50,-13,1.022375934
50,-12,1.022522468
50,-11,1.022659182
50,-10,1.022785636
50,-9,1.022901409
50,-8,1.023006113
50,-7,1.023099389
50,-6,1.023180912
50,-5,1.023250395
50,-4,1.023307591
50,-3,1.023352293
50,-2,1.023384341
50,-1,1.023403616
50,0,1.023410049
50,1,1.023403616
50,2,1.023384341
50,3,1.023352293
50,4,1.023307591
50,5,1.023250395
50,6,1.023180912
50,7,1.023099389
50,8,1.023006113
50,9,1.022901409
50,10,1.022785636
50,11,1.022659182
50,12,1.022522468
50,13,1.022375934
50,14,1.022220047
50,15,1.022055287
50,16,1.021882152
50,17,1.021701149
50,18,1.021512793
50,19,1.021317603
50,20,1.021116101
50,21,1.020908806
50,22,1.020696233
50,23,1.020478889
50,24,1.020257275
50,25,1.020031877
50,26,1.01980317
50,27,1.019571615
50,28,1.019337656
50,29,1.01910172
50,30,1.018864216
60,-30,1.01923801
60,-29,1.019514489
60,-28,1.019790547
60,-27,1.020065694
60,-26,1.020339405
60,-25,1.020611124
60,-24,1.020880266
60,-23,1.021146214
60,-22,1.021408328
60,-21,1.021665938
60,-20,1.021918354
60,-19,1.022164865
60,-18,1.022404745
60,-17,1.022637253
60,-16,1.022861644
60,-15,1.023077167
60,-14,1.023283076
60,-13,1.023478631
60,-12,1.023663106
60,-11,1.023835796
60,-10,1.023996023
60,-9,1.02414314
60,-8,1.024276539
60,-7,1.024395659
60,-6,1.024499987
60,-5,1.024589068
60,-4,1.024662507
60,-3,1.024719974
60,-2,1.024761211
60,-1,1.024786029
60,0,1.024794314
60,1,1.024786029
60,2,1.024761211
60,3,1.024719974
60,4,1.024662507
60,5,1.024589068
60,6,1.024499987
60,7,1.024395659
60,8,1.024276539
60,9,1.02414314
60,10,1.023996023
60,11,1.023835796
60,12,1.023663106
60,13,1.023478631
60,14,1.023283076
60,15,1.023077167
60,16,1.022861644
60,17,1.022637253
60,18,1.022404745
60,19,1.022164865
60,20,1.021918354
60,21,1.021665938
60,22,1.021408328
60,23,1.021146214
60,24,1.020880266
60,25,1.020611124
60,26,1.020339405
60,27,1.020065694
60,28,1.019790547
60,29,1.019514489
60,30,1.01923801
70,-30,1.019426096
70,-29,1.01972905
70,-28,1.020032639
70,-27,1.020336326
70,-26,1.020639529
70,-25,1.020941624
70,-24,1.02124194
70,-23,1.021539766
70,-22,1.02183435
70,-21,1.022124898
70,-20,1.022410582
70,-19,1.022690538
70,-18,1.022963876
70,-17,1.023229679
70,-16,1.023487014
70,-15,1.023734933
70,-14,1.023972487
70,-13,1.024198725
70,-12,1.02441271
70,-11,1.024613525
70,-10,1.024800279
70,-9,1.024972121
70,-8,1.025128245
70,-7,1.025267903
70,-6,1.025390409
70,-5,1.025495153
70,-4,1.025581603
70,-3,1.025649314
70,-2,1.025697935
70,-1,1.02572721
70,0,1.025736985
70,1,1.02572721
70,2,1.025697935
70,3,1.025649314
70,4,1.025581603
70,5,1.025495153
70,6,1.025390409
70,7,1.025267903
70,8,1.025128245
70,9,1.024972121
70,10,1.024800279
70,11,1.024613525
70,12,1.02441271
70,13,1.024198725
70,14,1.023972487
70,15,1.023734933
70,16,1.023487014
70,17,1.023229679
70,18,1.022963876
70,19,1.022690538
70,20,1.022410582
70,21,1.022124898
70,22,1.02183435
70,23,1.021539766
70,24,1.02124194
70,25,1.020941624
70,26,1.020639529
70,27,1.020336326
70,28,1.020032639
70,29,1.01972905
70,30,1.019426096
80,-30,1.019524785
80,-29,1.019846075
80,-28,1.020168885
80,-27,1.020492654
80,-26,1.020816769
80,-25,1.02114056
80,-24,1.021463305
80,-23,1.021784226
80,-22,1.022102493
80,-21,1.022417221
80,-20,1.02272748
80,-19,1.023032292
80,-18,1.023330639
80,-17,1.023621466
80,-16,1.02390369
80,-15,1.024176206
80,-14,1.024437898
80,-13,1.024687645
80,-12,1.024924332
80,-11,1.025146864
80,-10,1.025354173
80,-9,1.025545235
80,-8,1.025719074
80,-7,1.025874783
80,-6,1.026011529
80,-5,1.026128566
80,-4,1.026225243
80,-3,1.026301016
80,-2,1.026355453
80,-1,1.026388242
80,0,1.026399193
80,1,1.026388242
80,2,1.026355453
80,3,1.026301016
80,4,1.026225243
80,5,1.026128566
80,6,1.026011529
80,7,1.025874783
80,8,1.025719074
80,9,1.025545235
80,10,1.025354173
80,11,1.025146864
80,12,1.024924332
80,13,1.024687645
80,14,1.024437898
80,15,1.024176206
80,16,1.02390369
80,17,1.023621466
80,18,1.023330639
80,19,1.023032292
80,20,1.02272748
80,21,1.022417221
80,22,1.022102493
80,23,1.021784226
80,24,1.021463305
80,25,1.02114056
80,26,1.020816769
80,27,1.020492654
80,28,1.020168885
80,29,1.019846075
80,30,1.019524785
90,-30,1.019577804
90,-29,1.019912115
90,-28,1.020248666
90,-27,1.020586886
90,-26,1.020926143
90,-25,1.021265741
90,-24,1.021604923
90,-23,1.021942865
90,-22,1.022278681
90,-21,1.022611423
90,-20,1.022940082
90,-19,1.023263592
90,-18,1.023580838
90,-17,1.023890658
90,-16,1.02419185
90,-15,1.024483184
90,-14,1.02476341
90,-13,1.025031266
90,-12,1.025285496
90,-11,1.025524858
90,-10,1.025748139
90,-9,1.025954169
90,-8,1.026141835
90,-7,1.026310096
90,-6,1.026457994
90,-5,1.026584672
90,-4,1.02668938
90,-3,1.026771489
90,-2,1.026830501
90,-1,1.026866055
90,0,1.02687793
90,1,1.026866055
90,2,1.026830501
90,3,1.026771489
90,4,1.02668938
90,5,1.026584672
90,6,1.026457994
90,7,1.026310096
90,8,1.026141835
90,9,1.025954169
90,10,1.025748139
90,11,1.025524858
90,12,1.025285496
90,13,1.025031266
90,14,1.02476341
90,15,1.024483184
90,16,1.02419185
90,17,1.023890658
90,18,1.023580838
90,19,1.023263592
90,20,1.022940082
90,21,1.022611423
90,22,1.022278681
90,23,1.021942865
90,24,1.021604923
90,25,1.021265741
90,26,1.020926143
90,27,1.020586886
90,28,1.020248666
90,29,1.019912115
90,30,1.019577804
100,-30,1.019606337
100,-29,1.019950115
100,-28,1.020296716
100,-27,1.020645565
100,-26,1.02099602
100,-25,1.021347369
100,-24,1.021698831
100,-23,1.02204955
100,-22,1.022398601
100,-21,1.022744986
100,-20,1.023087639
100,-19,1.023425427
100,-18,1.023757159
100,-17,1.024081586
100,-16,1.024397415
100,-15,1.024703315
100,-14,1.024997927
100,-13,1.025279879
100,-12,1.025547796
100,-11,1.025800318
100,-10,1.026036112
100,-9,1.02625389
100,-8,1.026452426
100,-7,1.026630567
100,-6,1.026787256
100,-5,1.02692154
100,-4,1.027032589
100,-3,1.027119705
100,-2,1.027182334
100,-1,1.027220074
100,0,1.027232681
100,1,1.027220074
100,2,1.027182334
100,3,1.027119705
100,4,1.027032589
100,5,1.02692154
100,6,1.026787256
100,7,1.026630567
100,8,1.026452426
100,9,1.02625389
100,10,1.026036112
100,11,1.025800318
100,12,1.025547796
100,13,1.025279879
100,14,1.024997927
100,15,1.024703315
100,16,1.024397415
100,17,1.024081586
100,18,1.023757159
100,19,1.023425427
100,20,1.023087639
100,21,1.022744986
100,22,1.022398601
100,23,1.02204955
100,24,1.021698831
100,25,1.021347369
100,26,1.02099602
100,27,1.020645565
100,28,1.020296716
100,29,1.019950115
100,30,1.019606337
110,-30,1.019621269
110,-29,1.019972074
110,-28,1.020326173
110,-27,1.020682992
110,-26,1.021041883
110,-25,1.021402124
110,-24,1.021762919
110,-23,1.022123391
110,-22,1.022482583
110,-21,1.022839461
110,-20,1.023192915
110,-19,1.02354176
110,-18,1.023884744
110,-17,1.024220552
110,-16,1.024547816
110,-15,1.024865123
110,-14,1.025171029
110,-13,1.025464068
110,-12,1.025742772
110,-11,1.026005684
110,-10,1.026251373
110,-9,1.026478454
110,-8,1.026685607
110,-7,1.026871589
110,-6,1.02703526
110,-5,1.02717559
110,-4,1.027291683
110,-3,1.027382783
110,-2,1.027448291
110,-1,1.027487772
110,0,1.027500962
110,1,1.027487772
110,2,1.027448291
110,3,1.027382783
110,4,1.027291683
110,5,1.02717559
110,6,1.02703526
110,7,1.026871589
110,8,1.026685607
110,9,1.026478454
110,10,1.026251373
110,11,1.026005684
110,12,1.025742772
110,13,1.025464068
110,14,1.025171029
110,15,1.024865123
110,16,1.024547816
110,17,1.024220552
110,18,1.023884744
110,19,1.02354176
110,20,1.023192915
110,21,1.022839461
110,22,1.022482583
110,23,1.022123391
110,24,1.021762919
110,25,1.021402124
110,26,1.021041883
110,27,1.020682992
110,28,1.020326173
110,29,1.019972074
110,30,1.019621269
120,-30,1.019628481
120,-29,1.019984591
120,-28,1.020344377
120,-27,1.020707267
120,-26,1.021072612
120,-25,1.021439685
120,-24,1.021807678
120,-23,1.022175696
120,-22,1.022542764
120,-21,1.022907818
120,-20,1.023269713
120,-19,1.023627224
120,-18,1.023979051
120,-17,1.024323825
120,-16,1.024660117
120,-15,1.02498645
120,-14,1.025301308
120,-13,1.025603153
120,-12,1.025890436
120,-11,1.026161622
120,-10,1.026415201
120,-9,1.026649708
120,-8,1.026863744
120,-7,1.027055996
120,-6,1.027225253
120,-5,1.027370423
120,-4,1.027490555
120,-3,1.027584847
120,-2,1.027652662
120,-1,1.027693538
120,0,1.027707195
120,1,1.027693538
120,2,1.027652662
120,3,1.027584847
120,4,1.027490555
120,5,1.027370423
120,6,1.027225253
120,7,1.027055996
120,8,1.026863744
120,9,1.026649708
120,10,1.026415201
120,11,1.026161622
120,12,1.025890436
120,13,1.025603153
120,14,1.025301308
120,15,1.02498645
120,16,1.024660117
120,17,1.024323825
120,18,1.023979051
120,19,1.023627224
120,20,1.023269713
120,21,1.022907818
120,22,1.022542764
120,23,1.022175696
120,24,1.021807678
120,25,1.021439685
120,26,1.021072612
120,27,1.020707267
120,28,1.020344377
120,29,1.019984591
120,30,1.019628481
130,-30,1.019631275
130,-29,1.019991446
130,-28,1.020355604
130,-27,1.020723179
130,-26,1.021093525
130,-25,1.02146591
130,-24,1.021839518
130,-23,1.022213445
130,-22,1.022586696
130,-21,1.022958187
130,-20,1.023326747
130,-19,1.023691117
130,-18,1.024049959
130,-17,1.02440186
130,-16,1.024745344
130,-15,1.025078879
130,-14,1.025400891
130,-13,1.025709781
130,-12,1.026003939
130,-11,1.026281762
130,-10,1.026541674
130,-9,1.026782147
130,-8,1.027001718
130,-7,1.027199014
130,-6,1.027372766
130,-5,1.027521834
130,-4,1.027645219
130,-3,1.027742082
130,-2,1.027811756
130,-1,1.027853756
130,0,1.027867789
130,1,1.027853756
130,2,1.027811756
130,3,1.027742082
130,4,1.027645219
130,5,1.027521834
130,6,1.027372766
130,7,1.027199014
130,8,1.027001718
130,9,1.026782147
130,10,1.026541674
130,11,1.026281762
130,12,1.026003939
130,13,1.025709781
130,14,1.025400891
130,15,1.025078879
130,16,1.024745344
130,17,1.02440186
130,18,1.024049959
130,19,1.023691117
130,20,1.023326747
130,21,1.022958187
130,22,1.022586696
130,23,1.022213445
130,24,1.021839518
130,25,1.02146591
130,26,1.021093525
130,27,1.020723179
130,28,1.020355604
130,29,1.019991446
130,30,1.019631275
140,-30,1.019631563
140,-29,1.019994877
140,-28,1.020362431
140,-27,1.020733661
140,-26,1.02110792
140,-25,1.021484475
140,-24,1.021862506
140,-23,1.022241099
140,-22,1.022619248
140,-21,1.022995851
140,-20,1.023369715
140,-19,1.023739555
140,-18,1.024104004
140,-17,1.024461612
140,-16,1.024810863
140,-15,1.025150181
140,-14,1.025477947
140,-13,1.02579251
140,-12,1.026092207
140,-11,1.026375383
140,-10,1.026640408
140,-9,1.0268857
140,-8,1.027109744
140,-7,1.027311116
140,-6,1.027488504
140,-5,1.027640724
140,-4,1.02776674
140,-3,1.027865683
140,-2,1.027936861
140,-1,1.027979771
140,0,1.027994108
140,1,1.027979771
140,2,1.027936861
140,3,1.027865683
140,4,1.02776674
140,5,1.027640724
140,6,1.027488504
140,7,1.027311116
140,8,1.027109744
140,9,1.0268857
140,10,1.026640408
140,11,1.026375383
140,12,1.026092207
140,13,1.02579251
140,14,1.025477947
140,15,1.025150181
140,16,1.024810863
140,17,1.024461612
140,18,1.024104004
140,19,1.023739555
140,20,1.023369715
140,21,1.022995851
140,22,1.022619248
140,23,1.022241099
140,24,1.021862506
140,25,1.021484475
140,26,1.02110792
140,27,1.020733661
140,28,1.020362431
140,29,1.019994877
140,30,1.019631563
150,-30,1.019630474
150,-29,1.019996242
150,-28,1.020366458
150,-27,1.020740561
150,-26,1.021117907
150,-25,1.021497761
150,-24,1.021879301
150,-23,1.022261606
150,-22,1.02264366
150,-21,1.023024348
150,-20,1.02340246
150,-19,1.02377669
150,-18,1.024145645
150,-17,1.024507847
150,-16,1.024861748
150,-15,1.025205735
150,-14,1.02553815
150,-13,1.025857301
150,-12,1.026161483
150,-11,1.026448995
150,-10,1.026718163
150,-9,1.026967361
150,-8,1.027195033
150,-7,1.027399713
150,-6,1.02758005
150,-5,1.027734828
150,-4,1.02786298
150,-3,1.027963612
150,-2,1.02803601
150,-1,1.028079659
150,0,1.028094243
150,1,1.028079659
150,2,1.02803601
150,3,1.027963612
150,4,1.02786298
150,5,1.027734828
150,6,1.02758005
150,7,1.027399713
150,8,1.027195033
150,9,1.026967361
150,10,1.026718163
150,11,1.026448995
150,12,1.026161483
150,13,1.025857301
150,14,1.02553815
150,15,1.025205735
150,16,1.024861748
150,17,1.024507847
150,18,1.024145645
150,19,1.02377669
150,20,1.02340246
150,21,1.023024348
150,22,1.02264366
150,23,1.022261606
150,24,1.021879301
150,25,1.021497761
150,26,1.021117907
150,27,1.020740561
150,28,1.020366458
150,29,1.019996242
150,30,1.019630474
160,-30,1.019628684
160,-29,1.019996381
160,-28,1.020368697
160,-27,1.020745074
160,-26,1.021124869
160,-25,1.021507349
160,-24,1.021891688
160,-23,1.022276962
160,-22,1.022662146
160,-21,1.023046115
160,-20,1.023427645
160,-19,1.023805414
160,-18,1.024178007
160,-17,1.024543923
160,-16,1.024901587
160,-15,1.025249357
160,-14,1.025585542
160,-13,1.025908417
160,-12,1.02621624
160,-11,1.026507275
160,-10,1.026779811
160,-9,1.027032186
160,-8,1.027262808
160,-7,1.027470178
160,-6,1.027652915
160,-5,1.027809774
160,-4,1.027939664
160,-3,1.028041669
160,-2,1.02811506
160,-1,1.02815931
160,0,1.028174095
160,1,1.02815931
160,2,1.02811506
160,3,1.028041669
160,4,1.027939664
160,5,1.027809774
160,6,1.027652915
160,7,1.027470178
160,8,1.027262808
160,9,1.027032186
160,10,1.026779811
160,11,1.026507275
160,12,1.02621624
160,13,1.025908417
160,14,1.025585542
160,15,1.025249357
160,16,1.024901587
160,17,1.024543923
160,18,1.024178007
160,19,1.023805414
160,20,1.023427645
160,21,1.023046115
160,22,1.022662146
160,23,1.022276962
160,24,1.021891688
160,25,1.021507349
160,26,1.021124869
160,27,1.020745074
160,28,1.020368697
160,29,1.019996381
160,30,1.019628684
170,-30,1.019626596
170,-29,1.019995818
170,-28,1.020369799
170,-27,1.020747985
170,-26,1.021129733
170,-25,1.021514313
170,-24,1.021900895
170,-23,1.022288553
170,-22,1.022676256
170,-21,1.02306287
170,-20,1.023447161
170,-19,1.023827791
170,-18,1.02420333
170,-17,1.024572258
170,-16,1.024932976
170,-15,1.02528382
170,-14,1.02562307
170,-13,1.025948974
170,-12,1.026259762
170,-11,1.026553666
170,-10,1.026828945
170,-9,1.027083908
170,-8,1.027316933
170,-7,1.027526496
170,-6,1.027711189
170,-5,1.027869743
170,-4,1.028001048
170,-3,1.028104173
170,-2,1.028178374
170,-1,1.028223112
170,0,1.028238062
170,1,1.028223112
170,2,1.028178374
170,3,1.028104173
170,4,1.028001048
170,5,1.027869743
170,6,1.027711189
170,7,1.027526496
170,8,1.027316933
170,9,1.027083908
170,10,1.026828945
170,11,1.026553666
170,12,1.026259762
170,13,1.025948974
170,14,1.02562307
170,15,1.02528382
170,16,1.024932976
170,17,1.024572258
170,18,1.02420333
170,19,1.023827791
170,20,1.023447161
170,21,1.02306287
170,22,1.022676256
170,23,1.022288553
170,24,1.021900895
170,25,1.021514313
170,26,1.021129733
170,27,1.020747985
170,28,1.020369799
170,29,1.019995818
170,30,1.019626596
180,-30,1.01962445
180,-29,1.019994883
180,-28,1.02037019
180,-27,1.020749819
180,-26,1.021133131
180,-25,1.021519395
180,-24,1.021907781
180,-23,1.022297359
180,-22,1.022687095
180,-21,1.023075848
180,-20,1.023462373
180,-19,1.023845324
180,-18,1.024223254
180,-17,1.024594629
180,-16,1.024957832
180,-15,1.025311177
180,-14,1.025652925
180,-13,1.025981298
180,-12,1.026294502
180,-11,1.026590745
180,-10,1.026868262
180,-9,1.027125336
180,-8,1.027360323
180,-7,1.027571674
180,-6,1.027757962
180,-5,1.027917899
180,-4,1.02805036
180,-3,1.028154397
180,-2,1.028229258
180,-1,1.028274396
180,0,1.028289479
180,1,1.028274396
180,2,1.028229258
180,3,1.028154397
180,4,1.02805036
180,5,1.027917899
180,6,1.027757962
180,7,1.027571674
180,8,1.027360323
180,9,1.027125336
180,10,1.026868262
180,11,1.026590745
180,12,1.026294502
180,13,1.025981298
180,14,1.025652925
180,15,1.025311177
180,16,1.024957832
180,17,1.024594629
180,18,1.024223254
180,19,1.023845324
180,20,1.023462373
180,21,1.023075848
180,22,1.022687095
180,23,1.022297359
180,24,1.021907781
180,25,1.021519395
180,26,1.021133131
180,27,1.020749819
180,28,1.02037019
180,29,1.019994883
180,30,1.01962445
190,-30,1.019622383
190,-29,1.019993781
190,-28,1.020370147
190,-27,1.020750931
190,-26,1.021135498
190,-25,1.021523117
190,-24,1.021912956
190,-23,1.022304085
190,-22,1.022695465
190,-21,1.02308595
190,-20,1.023474289
190,-19,1.023859123
190,-18,1.024238999
190,-17,1.024612365
190,-16,1.024977592
190,-15,1.025332976
190,-14,1.025676759
190,-13,1.026007147
190,-12,1.026322323
190,-11,1.026620476
190,-10,1.02689982
190,-9,1.027158618
190,-8,1.027395205
190,-7,1.027608017
190,-6,1.027795607
190,-5,1.027956673
190,-4,1.028090077
190,-3,1.028194859
190,-2,1.028270259
190,-1,1.028315723
190,0,1.028330915
190,1,1.028315723
190,2,1.028270259
190,3,1.028194859
190,4,1.028090077
190,5,1.027956673
190,6,1.027795607
190,7,1.027608017
190,8,1.027395205
190,9,1.027158618
190,10,1.02689982
190,11,1.026620476
190,12,1.026322323
190,13,1.026007147
190,14,1.025676759
190,15,1.025332976
190,16,1.024977592
190,17,1.024612365
190,18,1.024238999
190,19,1.023859123
190,20,1.023474289
190,21,1.02308595
190,22,1.022695465
190,23,1.022304085
190,24,1.021912956
190,25,1.021523117
190,26,1.021135498
190,27,1.020750931
190,28,1.020370147
190,29,1.019993781
190,30,1.019622383
200,-30,1.019620469
200,-29,1.019992637
200,-28,1.020369851
200,-27,1.020751563
200,-26,1.021137139
200,-25,1.021525849
200,-24,1.021916863
200,-23,1.022309246
200,-22,1.022701957
200,-21,1.023093848
200,-20,1.023483658
200,-19,1.023870026
200,-18,1.024251484
200,-17,1.024626473
200,-16,1.024993349
200,-15,1.025350396
200,-14,1.025695841
200,-13,1.026027873
200,-12,1.02634466
200,-11,1.026644373
200,-10,1.026925209
200,-9,1.027185414
200,-8,1.02742331
200,-7,1.027637314
200,-6,1.027825967
200,-5,1.027987956
200,-4,1.028122129
200,-3,1.02822752
200,-2,1.02830336
200,-1,1.028349089
200,0,1.02836437
200,1,1.028349089
200,2,1.02830336
200,3,1.02822752
200,4,1.028122129
200,5,1.027987956
200,6,1.027825967
200,7,1.027637314
200,8,1.02742331
200,9,1.027185414
200,10,1.026925209
200,11,1.026644373
200,12,1.02634466
200,13,1.026027873
200,14,1.025695841
200,15,1.025350396
200,16,1.024993349
200,17,1.024626473
200,18,1.024251484
200,19,1.023870026
200,20,1.023483658
200,21,1.023093848
200,22,1.022701957
200,23,1.022309246
200,24,1.021916863
200,25,1.021525849
200,26,1.021137139
200,27,1.020751563
200,28,1.020369851
200,29,1.019992637
200,30,1.019620469
210,-30,1.019618742
210,-29,1.019991527
210,-28,1.02036942
210,-27,1.020751879
210,-26,1.021138268
210,-25,1.021527859
210,-24,1.021919821
210,-23,1.02231322
210,-22,1.022707011
210,-21,1.023100043
210,-20,1.02349105
210,-19,1.023878664
210,-18,1.024261411
210,-17,1.024637723
210,-16,1.025005945
210,-15,1.025364349
210,-14,1.025711151
210,-13,1.026044526
210,-12,1.026362628
210,-11,1.026663615
210,-10,1.02694567
210,-9,1.027207026
210,-8,1.02744599
210,-7,1.027660968
210,-6,1.02785049
210,-5,1.028013232
210,-4,1.028148034
210,-3,1.028253921
210,-2,1.02833012
210,-1,1.028376066
210,0,1.02839142
210,1,1.028376066
210,2,1.02833012
210,3,1.028253921
210,4,1.028148034
210,5,1.028013232
210,6,1.02785049
210,7,1.027660968
210,8,1.02744599
210,9,1.027207026
210,10,1.02694567
210,11,1.026663615
210,12,1.026362628
210,13,1.026044526
210,14,1.025711151
210,15,1.025364349
210,16,1.025005945
210,17,1.024637723
210,18,1.024261411
210,19,1.023878664
210,20,1.02349105
210,21,1.023100043
210,22,1.022707011
210,23,1.02231322
210,24,1.021919821
210,25,1.021527859
210,26,1.021138268
210,27,1.020751879
210,28,1.02036942
210,29,1.019991527
210,30,1.019618742
220,-30,1.019617214
220,-29,1.019990492
220,-28,1.020368932
220,-27,1.020751991
220,-26,1.021139036
220,-25,1.021529338
220,-24,1.021922069
220,-23,1.02231629
220,-22,1.022710958
220,-21,1.023104916
220,-20,1.023496897
220,-19,1.023885526
220,-18,1.024269324
220,-17,1.024646713
220,-16,1.025016033
220,-15,1.025375545
220,-14,1.025723455
220,-13,1.026057926
220,-12,1.026377103
220,-11,1.026679131
220,-10,1.026962182
220,-9,1.027224478
220,-8,1.027464314
220,-7,1.027680088
220,-6,1.02787032
220,-5,1.028033676
220,-4,1.028168992
220,-3,1.028275285
220,-2,1.028351776
220,-1,1.0283979
220,0,1.028413313
220,1,1.0283979
220,2,1.028351776
220,3,1.028275285
220,4,1.028168992
220,5,1.028033676
220,6,1.02787032
220,7,1.027680088
220,8,1.027464314
220,9,1.027224478
220,10,1.026962182
220,11,1.026679131
220,12,1.026377103
220,13,1.026057926
220,14,1.025723455
220,15,1.025375545
220,16,1.025016033
220,17,1.024646713
220,18,1.024269324
220,19,1.023885526
220,20,1.023496897
220,21,1.023104916
220,22,1.022710958
220,23,1.02231629
220,24,1.021922069
220,25,1.021529338
220,26,1.021139036
220,27,1.020751991
220,28,1.020368932
220,29,1.019990492
220,30,1.019617214
230,-30,1.019615879
230,-29,1.019989554
230,-28,1.020368433
230,-27,1.020751975
230,-26,1.02113955
230,-25,1.021530428
230,-24,1.02192378
230,-23,1.022318669
230,-22,1.022714048
230,-21,1.023108759
230,-20,1.023501532
230,-19,1.023890988
230,-18,1.024275641
230,-17,1.02465391
230,-16,1.025024125
230,-15,1.025384541
230,-14,1.025733355
230,-13,1.026068722
230,-12,1.026388777
230,-11,1.026691656
230,-10,1.02697552
230,-9,1.027238583
230,-8,1.027479132
230,-7,1.027695556
230,-6,1.027886367
230,-5,1.028050226
230,-4,1.02818596
230,-3,1.028292584
230,-2,1.028369315
230,-1,1.028415583
230,0,1.028431044
230,1,1.028415583
230,2,1.028369315
230,3,1.028292584
230,4,1.02818596
230,5,1.028050226
230,6,1.027886367
230,7,1.027695556
230,8,1.027479132
230,9,1.027238583
230,10,1.02697552
230,11,1.026691656
230,12,1.026388777
230,13,1.026068722
230,14,1.025733355
230,15,1.025384541
230,16,1.025024125
230,17,1.02465391
230,18,1.024275641
230,19,1.023890988
230,20,1.023501532
230,21,1.023108759
230,22,1.022714048
230,23,1.022318669
230,24,1.02192378
230,25,1.021530428
230,26,1.02113955
230,27,1.020751975
230,28,1.020368433
230,29,1.019989554
230,30,1.019615879
240,-30,1.019614726
240,-29,1.019988719
240,-28,1.020367952
240,-27,1.020751885
240,-26,1.021139886
240,-25,1.02153123
240,-24,1.021925085
240,-23,1.022320516
240,-22,1.022716473
240,-21,1.023111796
240,-20,1.023505214
240,-19,1.023895342
240,-18,1.024280693
240,-17,1.024659679
240,-16,1.025030624
240,-15,1.025391778
240,-14,1.025741331
240,-13,1.026077429
240,-12,1.0263982
240,-11,1.026701773
240,-10,1.026986302
240,-9,1.027249991
240,-8,1.027491123
240,-7,1.027708077
240,-6,1.027899361
240,-5,1.028063629
240,-4,1.028199705
240,-3,1.028306599
240,-2,1.028383525
240,-1,1.028429912
240,0,1.028445413
240,1,1.028429912
240,2,1.028383525
240,3,1.028306599
240,4,1.028199705
240,5,1.028063629
240,6,1.027899361
240,7,1.027708077
240,8,1.027491123
240,9,1.027249991
240,10,1.026986302
240,11,1.026701773
240,12,1.0263982
240,13,1.026077429
240,14,1.025741331
240,15,1.025391778
240,16,1.025030624
240,17,1.024659679
240,18,1.024280693
240,19,1.023895342
240,20,1.023505214
240,21,1.023111796
240,22,1.022716473
240,23,1.022320516
240,24,1.021925085
240,25,1.02153123
240,26,1.021139886
240,27,1.020751885
240,28,1.020367952
240,29,1.019988719
240,30,1.019614726
250,-30,1.019613739
250,-29,1.019987988
250,-28,1.020367506
250,-27,1.020751753
250,-26,1.0211401
250,-25,1.02153182
250,-24,1.021926084
250,-23,1.022321953
250,-22,1.022718379
250,-21,1.0231142
250,-20,1.023508142
250,-19,1.023898819
250,-18,1.024284738
250,-17,1.024664308
250,-16,1.025035849
250,-15,1.025397605
250,-14,1.025747759
250,-13,1.026084454
250,-12,1.026405811
250,-11,1.02670995
250,-10,1.026995021
250,-9,1.027259223
250,-8,1.027500829
250,-7,1.027718216
250,-6,1.027909886
250,-5,1.028074489
250,-4,1.028210844
250,-3,1.028317958
250,-2,1.028395043
250,-1,1.028441526
250,0,1.028457059
250,1,1.028441526
250,2,1.028395043
250,3,1.028317958
250,4,1.028210844
250,5,1.028074489
250,6,1.027909886
250,7,1.027718216
250,8,1.027500829
250,9,1.027259223
250,10,1.026995021
250,11,1.02670995
250,12,1.026405811
250,13,1.026084454
250,14,1.025747759
250,15,1.025397605
250,16,1.025035849
250,17,1.024664308
250,18,1.024284738
250,19,1.023898819
250,20,1.023508142
250,21,1.0231142
250,22,1.022718379
250,23,1.022321953
250,24,1.021926084
250,25,1.02153182
250,26,1.0211401
250,27,1.020751753
250,28,1.020367506
250,29,1.019987988
250,30,1.019613739
260,-30,1.0196129
260,-29,1.019987355
260,-28,1.020367102
260,-27,1.020751603
260,-26,1.021140229
260,-25,1.021532254
260,-24,1.021926848
260,-23,1.022323074
260,-22,1.022719881
260,-21,1.023116107
260,-20,1.023510475
260,-19,1.023901597
260,-18,1.024287979
260,-17,1.024668025
260,-16,1.025040052
260,-15,1.025402299
260,-14,1.025752945
260,-13,1.026090127
260,-12,1.02641196
260,-11,1.026716563
260,-10,1.027002076
260,-9,1.027266695
260,-8,1.027508689
260,-7,1.027726429
260,-6,1.027918414
260,-5,1.028083289
260,-4,1.028219872
260,-3,1.028327166
260,-2,1.028404381
260,-1,1.028450942
260,0,1.028466501
260,1,1.028450942
260,2,1.028404381
260,3,1.028327166
260,4,1.028219872
260,5,1.028083289
260,6,1.027918414
260,7,1.027726429
260,8,1.027508689
260,9,1.027266695
260,10,1.027002076
260,11,1.026716563
260,12,1.02641196
260,13,1.026090127
260,14,1.025752945
260,15,1.025402299
260,16,1.025040052
260,17,1.024668025
260,18,1.024287979
260,19,1.023901597
260,20,1.023510475
260,21,1.023116107
260,22,1.022719881
260,23,1.022323074
260,24,1.021926848
260,25,1.021532254
260,26,1.021140229
260,27,1.020751603
260,28,1.020367102
260,29,1.019987355
260,30,1.0196129
270,-30,1.01961219
270,-29,1.019986811
270,-28,1.020366743
270,-27,1.020751449
270,-26,1.021140301
270,-25,1.021532573
270,-24,1.021927435
270,-23,1.022323949
270,-22,1.022721066
270,-21,1.02311762
270,-20,1.023512335
270,-19,1.023903821
270,-18,1.024290579
270,-17,1.024671013
270,-16,1.025043436
270,-15,1.025406083
270,-14,1.025757129
270,-13,1.026094709
270,-12,1.026416931
270,-11,1.026721911
270,-10,1.027007785
270,-9,1.027272744
270,-8,1.027515054
270,-7,1.027733083
270,-6,1.027925324
270,-5,1.028090422
270,-4,1.02822719
270,-3,1.028334631
270,-2,1.028411951
270,-1,1.028458577
270,0,1.028474157
270,1,1.028458577
270,2,1.028411951
270,3,1.028334631
270,4,1.02822719
270,5,1.028090422
270,6,1.027925324
270,7,1.027733083
270,8,1.027515054
270,9,1.027272744
270,10,1.027007785
270,11,1.026721911
270,12,1.026416931
270,13,1.026094709
270,14,1.025757129
270,15,1.025406083
270,16,1.025043436
270,17,1.024671013
270,18,1.024290579
270,19,1.023903821
270,20,1.023512335
270,21,1.02311762
270,22,1.022721066
270,23,1.022323949
270,24,1.021927435
270,25,1.021532573
270,26,1.021140301
270,27,1.020751449
270,28,1.020366743
270,29,1.019986811
270,30,1.01961219
280,-30,1.019611594
280,-29,1.019986348
280,-28,1.020366429
280,-27,1.020751301
280,-26,1.021140335
280,-25,1.021532807
280,-24,1.021927886
280,-23,1.022324634
280,-22,1.022722002
280,-21,1.023118823
280,-20,1.02351382
280,-19,1.023905601
280,-18,1.024292666
280,-17,1.024673416
280,-16,1.025046161
280,-15,1.025409134
280,-14,1.025760508
280,-13,1.02609841
280,-12,1.026420951
280,-11,1.026726238
280,-10,1.027012406
280,-9,1.027277643
280,-8,1.02752021
280,-7,1.027738474
280,-6,1.027930924
280,-5,1.028096203
280,-4,1.028233123
280,-3,1.028340683
280,-2,1.02841809
280,-1,1.028464767
280,0,1.028480365
280,1,1.028464767
280,2,1.02841809
280,3,1.028340683
280,4,1.028233123
280,5,1.028096203
280,6,1.027930924
280,7,1.027738474
280,8,1.02752021
280,9,1.027277643
280,10,1.027012406
280,11,1.026726238
280,12,1.026420951
280,13,1.02609841
280,14,1.025760508
280,15,1.025409134
280,16,1.025046161
280,17,1.024673416
280,18,1.024292666
280,19,1.023905601
280,20,1.02351382
280,21,1.023118823
280,22,1.022722002
280,23,1.022324634
280,24,1.021927886
280,25,1.021532807
280,26,1.021140335
280,27,1.020751301
280,28,1.020366429
280,29,1.019986348
280,30,1.019611594
290,-30,1.019611094
290,-29,1.019985956
290,-28,1.020366157
290,-27,1.020751162
290,-26,1.021140344
290,-25,1.021532977
290,-24,1.021928232
290,-23,1.022325171
290,-22,1.022722742
290,-21,1.023119781
290,-20,1.023515007
290,-19,1.023907028
290,-18,1.024294342
290,-17,1.024675349
290,-16,1.025048357
290,-15,1.025411596
290,-14,1.025763235
290,-13,1.026101402
290,-12,1.026424201
290,-11,1.026729738
290,-10,1.027016147
290,-9,1.02728161
290,-8,1.027524387
290,-7,1.027742842
290,-6,1.027935463
290,-5,1.02810089
290,-4,1.028237932
290,-3,1.028345589
290,-2,1.028423066
290,-1,1.028469786
290,0,1.028485398
290,1,1.028469786
290,2,1.028423066
290,3,1.028345589
290,4,1.028237932
290,5,1.02810089
290,6,1.027935463
290,7,1.027742842
290,8,1.027524387
290,9,1.02728161
290,10,1.027016147
290,11,1.026729738
290,12,1.026424201
290,13,1.026101402
290,14,1.025763235
290,15,1.025411596
290,16,1.025048357
290,17,1.024675349
290,18,1.024294342
290,19,1.023907028
290,20,1.023515007
290,21,1.023119781
290,22,1.022722742
290,23,1.022325171
290,24,1.021928232
290,25,1.021532977
290,26,1.021140344
290,27,1.020751162
290,28,1.020366157
290,29,1.019985956
290,30,1.019611094
300,-30,1.019610677
300,-29,1.019985625
300,-28,1.020365924
300,-27,1.020751037
300,-26,1.021140338
300,-25,1.021533102
300,-24,1.021928499
300,-23,1.022325592
300,-22,1.022723329
300,-21,1.023120544
300,-20,1.023515956
300,-19,1.023908172
300,-18,1.02429569
300,-17,1.024676906
300,-16,1.025050127
300,-15,1.025413582
300,-14,1.025765438
300,-13,1.02610382
300,-12,1.026426829
300,-11,1.026732571
300,-10,1.027019175
300,-9,1.027284822
300,-8,1.02752777
300,-7,1.027746381
300,-6,1.027939141
300,-5,1.028104688
300,-4,1.02824183
300,-3,1.028349567
300,-2,1.028427101
300,-1,1.028473856
300,0,1.028489479
300,1,1.028473856
300,2,1.028427101
300,3,1.028349567
300,4,1.02824183
300,5,1.028104688
300,6,1.027939141
300,7,1.027746381
300,8,1.02752777
300,9,1.027284822
300,10,1.027019175
300,11,1.026732571
300,12,1.026426829
300,13,1.02610382
300,14,1.025765438
300,15,1.025413582
300,16,1.025050127
300,17,1.024676906
300,18,1.02429569
300,19,1.023908172
300,20,1.023515956
300,21,1.023120544
300,22,1.022723329
300,23,1.022325592
300,24,1.021928499
300,25,1.021533102
300,26,1.021140338
300,27,1.020751037
300,28,1.020365924
300,29,1.019985625
300,30,1.019610677
310,-30,1.01961033
310,-29,1.019985348
310,-28,1.020365725
310,-27,1.020750925
310,-26,1.021140323
310,-25,1.021533193
310,-24,1.021928705
310,-23,1.022325923
310,-22,1.022723794
310,-21,1.023121152
310,-20,1.023516715
310,-19,1.02390909
310,-18,1.024296773
310,-17,1.024678159
310,-16,1.025051554
310,-15,1.025415185
310,-14,1.025767218
310,-13,1.026105774
310,-12,1.026428955
310,-11,1.026734863
310,-10,1.027021626
310,-9,1.027287423
310,-8,1.027530511
310,-7,1.027749248
310,-6,1.027942121
310,-5,1.028107766
310,-4,1.02824499
310,-3,1.028352791
310,-2,1.028430372
310,-1,1.028477155
310,0,1.028492788
310,1,1.028477155
310,2,1.028430372
310,3,1.028352791
310,4,1.02824499
310,5,1.028107766
310,6,1.027942121
310,7,1.027749248
310,8,1.027530511
310,9,1.027287423
310,10,1.027021626
310,11,1.026734863
310,12,1.026428955
310,13,1.026105774
310,14,1.025767218
310,15,1.025415185
310,16,1.025051554
310,17,1.024678159
310,18,1.024296773
310,19,1.02390909
310,20,1.023516715
310,21,1.023121152
310,22,1.022723794
310,23,1.022325923
310,24,1.021928705
310,25,1.021533193
310,26,1.021140323
310,27,1.020750925
310,28,1.020365725
310,29,1.019985348
310,30,1.01961033
320,-30,1.019610043
320,-29,1.019985117
320,-28,1.020365556
320,-27,1.020750827
320,-26,1.021140303
320,-25,1.021533258
320,-24,1.021928865
320,-23,1.022326183
320,-22,1.022724163
320,-21,1.023121637
320,-20,1.023517324
320,-19,1.023909827
320,-18,1.024297644
320,-17,1.024679169
320,-16,1.025052705
320,-15,1.02541648
320,-14,1.025768655
320,-13,1.026107354
320,-12,1.026430675
320,-11,1.026736718
320,-10,1.02702361
320,-9,1.02728953
320,-8,1.027532731
320,-7,1.027751571
320,-6,1.027944536
320,-5,1.028110261
320,-4,1.028247552
320,-3,1.028355405
320,-2,1.028433024
320,-1,1.028479829
320,0,1.02849547
320,1,1.028479829
320,2,1.028433024
320,3,1.028355405
320,4,1.028247552
320,5,1.028110261
320,6,1.027944536
320,7,1.027751571
320,8,1.027532731
320,9,1.02728953
320,10,1.02702361
320,11,1.026736718
320,12,1.026430675
320,13,1.026107354
320,14,1.025768655
320,15,1.02541648
320,16,1.025052705
320,17,1.024679169
320,18,1.024297644
320,19,1.023909827
320,20,1.023517324
320,21,1.023121637
320,22,1.022724163
320,23,1.022326183
320,24,1.021928865
320,25,1.021533258
320,26,1.021140303
320,27,1.020750827
320,28,1.020365556
320,29,1.019985117
320,30,1.019610043
330,-30,1.019609805
330,-29,1.019984924
330,-28,1.020365415
330,-27,1.020750742
330,-26,1.021140281
330,-25,1.021533306
330,-24,1.021928988
330,-23,1.022326389
330,-22,1.022724456
330,-21,1.023122025
330,-20,1.023517811
330,-19,1.023910419
330,-18,1.024298345
330,-17,1.024679982
330,-16,1.025053634
330,-15,1.025417524
330,-14,1.025769817
330,-13,1.026108631
330,-12,1.026432066
330,-11,1.026738219
330,-10,1.027025217
330,-9,1.027291235
330,-8,1.027534529
330,-7,1.027753453
330,-6,1.027946493
330,-5,1.028112283
330,-4,1.028249627
330,-3,1.028357523
330,-2,1.028435173
330,-1,1.028481997
330,0,1.028497644
330,1,1.028481997
330,2,1.028435173
330,3,1.028357523
330,4,1.028249627
330,5,1.028112283
330,6,1.027946493
330,7,1.027753453
330,8,1.027534529
330,9,1.027291235
330,10,1.027025217
330,11,1.026738219
330,12,1.026432066
330,13,1.026108631
330,14,1.025769817
330,15,1.025417524
330,16,1.025053634
330,17,1.024679982
330,18,1.024298345
330,19,1.023910419
330,20,1.023517811
330,21,1.023122025
330,22,1.022724456
330,23,1.022326389
330,24,1.021928988
330,25,1.021533306
330,26,1.021140281
330,27,1.020750742
330,28,1.020365415
330,29,1.019984924
330,30,1.019609805
340,-30,1.019609608
340,-29,1.019984764
340,-28,1.020365295
340,-27,1.020750669
340,-26,1.021140259
340,-25,1.02153334
340,-24,1.021929083
340,-23,1.02232655
340,-22,1.02272469
340,-21,1.023122334
340,-20,1.023518202
340,-19,1.023910895
340,-18,1.024298909
340,-17,1.024680638
340,-16,1.025054383
340,-15,1.025418368
340,-14,1.025770756
340,-13,1.026109664
340,-12,1.026433191
340,-11,1.026739434
340,-10,1.027026517
340,-9,1.027292617
340,-8,1.027535985
340,-7,1.027754978
340,-6,1.027948079
340,-5,1.028113921
340,-4,1.028251309
340,-3,1.02835924
340,-2,1.028436915
340,-1,1.028483754
340,0,1.028499406
340,1,1.028483754
340,2,1.028436915
340,3,1.02835924
340,4,1.028251309
340,5,1.028113921
340,6,1.027948079
340,7,1.027754978
340,8,1.027535985
340,9,1.027292617
340,10,1.027026517
340,11,1.026739434
340,12,1.026433191
340,13,1.026109664
340,14,1.025770756
340,15,1.025418368
340,16,1.025054383
340,17,1.024680638
340,18,1.024298909
340,19,1.023910895
340,20,1.023518202
340,21,1.023122334
340,22,1.02272469
340,23,1.02232655
340,24,1.021929083
340,25,1.02153334
340,26,1.021140259
340,27,1.020750669
340,28,1.020365295
340,29,1.019984764
340,30,1.019609608
350,-30,1.019609446
350,-29,1.019984631
350,-28,1.020365196
350,-27,1.020750607
350,-26,1.021140238
350,-25,1.021533364
350,-24,1.021929157
350,-23,1.022326678
350,-22,1.022724876
350,-21,1.023122582
350,-20,1.023518515
350,-19,1.023911277
350,-18,1.024299363
350,-17,1.024681166
350,-16,1.025054987
350,-15,1.025419049
350,-14,1.025771514
350,-13,1.026110499
350,-12,1.026434101
350,-11,1.026740417
350,-10,1.02702757
350,-9,1.027293735
350,-8,1.027537164
350,-7,1.027756213
350,-6,1.027949363
350,-5,1.028115248
350,-4,1.028252672
350,-3,1.028360631
350,-2,1.028438326
350,-1,1.028485178
350,0,1.028500834
350,1,1.028485178
350,2,1.028438326
350,3,1.028360631
350,4,1.028252672
350,5,1.028115248
350,6,1.027949363
350,7,1.027756213
350,8,1.027537164
350,9,1.027293735
350,10,1.02702757
350,11,1.026740417
350,12,1.026434101
350,13,1.026110499
350,14,1.025771514
350,15,1.025419049
350,16,1.025054987
350,17,1.024681166
350,18,1.024299363
350,19,1.023911277
350,20,1.023518515
350,21,1.023122582
350,22,1.022724876
350,23,1.022326678
350,24,1.021929157
350,25,1.021533364
350,26,1.021140238
350,27,1.020750607
350,28,1.020365196
350,29,1.019984631
350,30,1.019609446
360,-30,1.019609313
360,-29,1.019984522
360,-28,1.020365113
360,-27,1.020750554
360,-26,1.021140218
360,-25,1.021533381
360,-24,1.021929214
360,-23,1.022326779
360,-22,1.022725024
360,-21,1.023122781
360,-20,1.023518766
360,-19,1.023911585
360,-18,1.024299729
360,-17,1.024681593
360,-16,1.025055475
360,-15,1.0254196
360,-14,1.025772127
360,-13,1.026111174
360,-12,1.026434837
360,-11,1.026741212
360,-10,1.027028422
360,-9,1.02729464
360,-8,1.027538119
360,-7,1.027757213
360,-6,1.027950403
360,-5,1.028116323
360,-4,1.028253776
360,-3,1.028361758
360,-2,1.02843947
360,-1,1.028486331
360,0,1.028501991
360,1,1.028486331
360,2,1.02843947
360,3,1.028361758
360,4,1.028253776
360,5,1.028116323
360,6,1.027950403
360,7,1.027757213
360,8,1.027538119
360,9,1.02729464
360,10,1.027028422
360,11,1.026741212
360,12,1.026434837
360,13,1.026111174
360,14,1.025772127
360,15,1.0254196
360,16,1.025055475
360,17,1.024681593
360,18,1.024299729
360,19,1.023911585
360,20,1.023518766
360,21,1.023122781
360,22,1.022725024
360,23,1.022326779
360,24,1.021929214
360,25,1.021533381
360,26,1.021140218
360,27,1.020750554
360,28,1.020365113
360,29,1.019984522
360,30,1.019609313
370,-30,1.019609203
370,-29,1.019984431
370,-28,1.020365044
370,-27,1.020750509
370,-26,1.0211402
370,-25,1.021533393
370,-24,1.021929259
370,-23,1.022326859
370,-22,1.022725142
370,-21,1.023122939
370,-20,1.023518968
370,-19,1.023911832
370,-18,1.024300024
370,-17,1.024681936
370,-16,1.025055869
370,-15,1.025420044
370,-14,1.025772622
370,-13,1.02611172
370,-12,1.026435433
370,-11,1.026741856
370,-10,1.027029111
370,-9,1.027295373
370,-8,1.027538892
370,-7,1.027758023
370,-6,1.027951246
370,-5,1.028117194
370,-4,1.028254671
370,-3,1.028362671
370,-2,1.028440396
370,-1,1.028487266
370,0,1.028502928
370,1,1.028487266
370,2,1.028440396
370,3,1.028362671
370,4,1.028254671
370,5,1.028117194
370,6,1.027951246
370,7,1.027758023
370,8,1.027538892
370,9,1.027295373
370,10,1.027029111
370,11,1.026741856
370,12,1.026435433
370,13,1.02611172
370,14,1.025772622
370,15,1.025420044
370,16,1.025055869
370,17,1.024681936
370,18,1.024300024
370,19,1.023911832
370,20,1.023518968
370,21,1.023122939
370,22,1.022725142
370,23,1.022326859
370,24,1.021929259
370,25,1.021533393
370,26,1.0211402
370,27,1.020750509
370,28,1.020365044
370,29,1.019984431
370,30,1.019609203
380,-30,1.019609113
380,-29,1.019984357
380,-28,1.020364987
380,-27,1.020750472
380,-26,1.021140185
380,-25,1.021533402
380,-24,1.021929294
380,-23,1.022326922
380,-22,1.022725236
380,-21,1.023123067
380,-20,1.023519131
380,-19,1.023912031
380,-18,1.024300262
380,-17,1.024682213
380,-16,1.025056187
380,-15,1.025420403
380,-14,1.025773023
380,-13,1.026112162
380,-12,1.026435914
380,-11,1.026742376
380,-10,1.027029669
380,-9,1.027295966
380,-8,1.027539518
380,-7,1.027758679
380,-6,1.027951928
380,-5,1.028117899
380,-4,1.028255395
380,-3,1.028363411
380,-2,1.028441147
380,-1,1.028488023
380,0,1.028503688
380,1,1.028488023
380,2,1.028441147
380,3,1.028363411
380,4,1.028255395
380,5,1.028117899
380,6,1.027951928
380,7,1.027758679
380,8,1.027539518
380,9,1.027295966
380,10,1.027029669
380,11,1.026742376
380,12,1.026435914
380,13,1.026112162
380,14,1.025773023
380,15,1.025420403
380,16,1.025056187
380,17,1.024682213
380,18,1.024300262
380,19,1.023912031
380,20,1.023519131
380,21,1.023123067
380,22,1.022725236
380,23,1.022326922
380,24,1.021929294
380,25,1.021533402
380,26,1.021140185
380,27,1.020750472
380,28,1.020364987
380,29,1.019984357
380,30,1.019609113
390,-30,1.019609039
390,-29,1.019984296
390,-28,1.02036494
390,-27,1.020750441
390,-26,1.021140171
390,-25,1.021533407
390,-24,1.021929321
390,-23,1.022326973
390,-22,1.022725311
390,-21,1.023123168
390,-20,1.023519261
390,-19,1.023912192
390,-18,1.024300453
390,-17,1.024682437
390,-16,1.025056443
390,-15,1.025420693
390,-14,1.025773346
390,-13,1.026112519
390,-12,1.026436304
390,-11,1.026742798
390,-10,1.027030121
390,-9,1.027296447
390,-8,1.027540025
390,-7,1.02775921
390,-6,1.027952481
390,-5,1.028118471
390,-4,1.028255982
390,-3,1.02836401
390,-2,1.028441755
390,-1,1.028488637
390,0,1.028504303
390,1,1.028488637
390,2,1.028441755
390,3,1.02836401
390,4,1.028255982
390,5,1.028118471
390,6,1.027952481
390,7,1.02775921
390,8,1.027540025
390,9,1.027296447
390,10,1.027030121
390,11,1.026742798
390,12,1.026436304
390,13,1.026112519
390,14,1.025773346
390,15,1.025420693
390,16,1.025056443
390,17,1.024682437
390,18,1.024300453
390,19,1.023912192
390,20,1.023519261
390,21,1.023123168
390,22,1.022725311
390,23,1.022326973
390,24,1.021929321
390,25,1.021533407
390,26,1.021140171
390,27,1.020750441
390,28,1.02036494
390,29,1.019984296
390,30,1.019609039
400,-30,1.019608979
400,-29,1.019984245
400,-28,1.020364901
400,-27,1.020750415
400,-26,1.021140159
400,-25,1.021533411
400,-24,1.021929342
400,-23,1.022327013
400,-22,1.022725371
400,-21,1.02312325
400,-20,1.023519366
400,-19,1.023912321
400,-18,1.024300607
400,-17,1.024682618
400,-16,1.025056651
400,-15,1.025420928
400,-14,1.025773608
400,-13,1.026112807
400,-12,1.026436619
400,-11,1.026743138
400,-10,1.027030486
400,-9,1.027296836
400,-8,1.027540436
400,-7,1.02775964
400,-6,1.027952929
400,-5,1.028118933
400,-4,1.028256458
400,-3,1.028364496
400,-2,1.028442248
400,-1,1.028489134
400,0,1.028504801
400,1,1.028489134
400,2,1.028442248
400,3,1.028364496
400,4,1.028256458
400,5,1.028118933
400,6,1.027952929
400,7,1.02775964
400,8,1.027540436
400,9,1.027296836
400,10,1.027030486
400,11,1.026743138
400,12,1.026436619
400,13,1.026112807
400,14,1.025773608
400,15,1.025420928
400,16,1.025056651
400,17,1.024682618
400,18,1.024300607
400,19,1.023912321
400,20,1.023519366
400,21,1.02312325
400,22,1.022725371
400,23,1.022327013
400,24,1.021929342
400,25,1.021533411
400,26,1.021140159
400,27,1.020750415
400,28,1.020364901
400,29,1.019984245
400,30,1.019608979
410,-30,1.01960893
410,-29,1.019984204
410,-28,1.020364869
410,-27,1.020750393
410,-26,1.021140149
410,-25,1.021533414
410,-24,1.021929358
410,-23,1.022327044
410,-22,1.022725419
410,-21,1.023123316
410,-20,1.02351945
410,-19,1.023912424
410,-18,1.024300732
410,-17,1.024682763
410,-16,1.025056818
410,-15,1.025421117
410,-14,1.025773819
410,-13,1.026113041
410,-12,1.026436874
410,-11,1.026743414
410,-10,1.027030782
410,-9,1.02729715
410,-8,1.027540768
410,-7,1.027759988
410,-6,1.027953291
410,-5,1.028119308
410,-4,1.028256843
410,-3,1.028364889
410,-2,1.028442646
410,-1,1.028489536
410,0,1.028505205
410,1,1.028489536
410,2,1.028442646
410,3,1.028364889
410,4,1.028256843
410,5,1.028119308
410,6,1.027953291
410,7,1.027759988
410,8,1.027540768
410,9,1.02729715
410,10,1.027030782
410,11,1.026743414
410,12,1.026436874
410,13,1.026113041
410,14,1.025773819
410,15,1.025421117
410,16,1.025056818
410,17,1.024682763
410,18,1.024300732
410,19,1.023912424
410,20,1.02351945
410,21,1.023123316
410,22,1.022725419
410,23,1.022327044
410,24,1.021929358
410,25,1.021533414
410,26,1.021140149
410,27,1.020750393
410,28,1.020364869
410,29,1.019984204
410,30,1.01960893
420,-30,1.01960889
420,-29,1.01998417
420,-28,1.020364843
420,-27,1.020750375
420,-26,1.02114014
420,-25,1.021533415
420,-24,1.021929371
420,-23,1.022327069
420,-22,1.022725458
420,-21,1.023123369
420,-20,1.023519518
420,-19,1.023912508
420,-18,1.024300832
420,-17,1.024682881
420,-16,1.025056953
420,-15,1.02542127
420,-14,1.02577399
420,-13,1.026113229
420,-12,1.02643708
420,-11,1.026743637
420,-10,1.027031022
420,-9,1.027297405
420,-8,1.027541037
420,-7,1.02776027
420,-6,1.027953584
420,-5,1.028119611
420,-4,1.028257154
420,-3,1.028365207
420,-2,1.028442969
420,-1,1.028489862
420,0,1.028505532
420,1,1.028489862
420,2,1.028442969
420,3,1.028365207
420,4,1.028257154
420,5,1.028119611
420,6,1.027953584
420,7,1.02776027
420,8,1.027541037
420,9,1.027297405
420,10,1.027031022
420,11,1.026743637
420,12,1.02643708
420,13,1.026113229
420,14,1.02577399
420,15,1.02542127
420,16,1.025056953
420,17,1.024682881
420,18,1.024300832
420,19,1.023912508
420,20,1.023519518
420,21,1.023123369
420,22,1.022725458
420,23,1.022327069
420,24,1.021929371
420,25,1.021533415
420,26,1.02114014
420,27,1.020750375
420,28,1.020364843
420,29,1.01998417
420,30,1.01960889
430,-30,1.019608857
430,-29,1.019984143
430,-28,1.020364822
430,-27,1.02075036
430,-26,1.021140133
430,-25,1.021533416
430,-24,1.021929381
430,-23,1.022327089
430,-22,1.022725489
430,-21,1.023123411
430,-20,1.023519573
430,-19,1.023912576
430,-18,1.024300913
430,-17,1.024682976
430,-16,1.025057062
430,-15,1.025421394
430,-14,1.025774129
430,-13,1.026113382
430,-12,1.026437247
430,-11,1.026743818
430,-10,1.027031215
430,-9,1.027297611
430,-8,1.027541254
430,-7,1.027760498
430,-6,1.027953822
430,-5,1.028119857
430,-4,1.028257407
430,-3,1.028365465
430,-2,1.028443231
430,-1,1.028490126
430,0,1.028505797
430,1,1.028490126
430,2,1.028443231
430,3,1.028365465
430,4,1.028257407
430,5,1.028119857
430,6,1.027953822
430,7,1.027760498
430,8,1.027541254
430,9,1.027297611
430,10,1.027031215
430,11,1.026743818
430,12,1.026437247
430,13,1.026113382
430,14,1.025774129
430,15,1.025421394
430,16,1.025057062
430,17,1.024682976
430,18,1.024300913
430,19,1.023912576
430,20,1.023519573
430,21,1.023123411
430,22,1.022725489
430,23,1.022327089
430,24,1.021929381
430,25,1.021533416
430,26,1.021140133
430,27,1.02075036
430,28,1.020364822
430,29,1.019984143
430,30,1.019608857
440,-30,1.01960883
440,-29,1.01998412
440,-28,1.020364804
440,-27,1.020750348
440,-26,1.021140127
440,-25,1.021533417
440,-24,1.021929389
440,-23,1.022327105
440,-22,1.022725513
440,-21,1.023123445
440,-20,1.023519616
440,-19,1.02391263
440,-18,1.024300978
440,-17,1.024683052
440,-16,1.02505715
440,-15,1.025421494
440,-14,1.02577424
440,-13,1.026113505
440,-12,1.026437382
440,-11,1.026743964
440,-10,1.027031372
440,-9,1.027297778
440,-8,1.027541431
440,-7,1.027760683
440,-6,1.027954014
440,-5,1.028120056
440,-4,1.028257611
440,-3,1.028365673
440,-2,1.028443443
440,-1,1.02849034
440,0,1.028506011
440,1,1.02849034
440,2,1.028443443
440,3,1.028365673
440,4,1.028257611
440,5,1.028120056
440,6,1.027954014
440,7,1.027760683
440,8,1.027541431
440,9,1.027297778
440,10,1.027031372
440,11,1.026743964
440,12,1.026437382
440,13,1.026113505
440,14,1.02577424
440,15,1.025421494
440,16,1.02505715
440,17,1.024683052
440,18,1.024300978
440,19,1.02391263
440,20,1.023519616
440,21,1.023123445
440,22,1.022725513
440,23,1.022327105
440,24,1.021929389
440,25,1.021533417
440,26,1.021140127
440,27,1.020750348
440,28,1.020364804
440,29,1.01998412
440,30,1.01960883
450,-30,1.019608808
450,-29,1.019984102
450,-28,1.020364789
450,-27,1.020750338
450,-26,1.021140122
450,-25,1.021533417
450,-24,1.021929395
450,-23,1.022327118
450,-22,1.022725533
450,-21,1.023123472
450,-20,1.023519652
450,-19,1.023912674
450,-18,1.024301031
450,-17,1.024683114
450,-16,1.025057222
450,-15,1.025421574
450,-14,1.025774331
450,-13,1.026113605
450,-12,1.026437491
450,-11,1.026744082
450,-10,1.027031499
450,-9,1.027297913
450,-8,1.027541573
450,-7,1.027760832
450,-6,1.02795417
450,-5,1.028120217
450,-4,1.028257777
450,-3,1.028365842
450,-2,1.028443614
450,-1,1.028490513
450,0,1.028506185
450,1,1.028490513
450,2,1.028443614
450,3,1.028365842
450,4,1.028257777
450,5,1.028120217
450,6,1.02795417
450,7,1.027760832
450,8,1.027541573
450,9,1.027297913
450,10,1.027031499
450,11,1.026744082
450,12,1.026437491
450,13,1.026113605
450,14,1.025774331
450,15,1.025421574
450,16,1.025057222
450,17,1.024683114
450,18,1.024301031
450,19,1.023912674
450,20,1.023519652
450,21,1.023123472
450,22,1.022725533
450,23,1.022327118
450,24,1.021929395
450,25,1.021533417
450,26,1.021140122
450,27,1.020750338
450,28,1.020364789
450,29,1.019984102
450,30,1.019608808
460,-30,1.01960879
460,-29,1.019984087
460,-28,1.020364777
460,-27,1.020750329
460,-26,1.021140117
460,-25,1.021533417
460,-24,1.0219294
460,-23,1.022327128
460,-22,1.022725549
460,-21,1.023123494
460,-20,1.02351968
460,-19,1.023912709
460,-18,1.024301074
460,-17,1.024683164
460,-16,1.025057279
460,-15,1.02542164
460,-14,1.025774404
460,-13,1.026113686
460,-12,1.026437579
460,-11,1.026744178
460,-10,1.027031602
460,-9,1.027298022
460,-8,1.027541689
460,-7,1.027760953
460,-6,1.027954296
460,-5,1.028120347
460,-4,1.02825791
460,-3,1.028365979
460,-2,1.028443753
460,-1,1.028490653
460,0,1.028506325
460,1,1.028490653
460,2,1.028443753
460,3,1.028365979
460,4,1.02825791
460,5,1.028120347
460,6,1.027954296
460,7,1.027760953
460,8,1.027541689
460,9,1.027298022
460,10,1.027031602
460,11,1.026744178
460,12,1.026437579
460,13,1.026113686
460,14,1.025774404
460,15,1.02542164
460,16,1.025057279
460,17,1.024683164
460,18,1.024301074
460,19,1.023912709
460,20,1.02351968
460,21,1.023123494
460,22,1.022725549
460,23,1.022327128
460,24,1.0219294
460,25,1.021533417
460,26,1.021140117
460,27,1.020750329
460,28,1.020364777
460,29,1.019984087
460,30,1.01960879
470,-30,1.019608776
470,-29,1.019984074
470,-28,1.020364768
470,-27,1.020750322
470,-26,1.021140114
470,-25,1.021533417
470,-24,1.021929404
470,-23,1.022327136
470,-22,1.022725562
470,-21,1.023123512
470,-20,1.023519703
470,-19,1.023912738
470,-18,1.024301108
470,-17,1.024683204
470,-16,1.025057326
470,-15,1.025421692
470,-14,1.025774463
470,-13,1.026113751
470,-12,1.026437651
470,-11,1.026744255
470,-10,1.027031685
470,-9,1.027298111
470,-8,1.027541782
470,-7,1.027761051
470,-6,1.027954398
470,-5,1.028120453
470,-4,1.028258019
470,-3,1.02836609
470,-2,1.028443866
470,-1,1.028490766
470,0,1.028506439
470,1,1.028490766
470,2,1.028443866
470,3,1.02836609
470,4,1.028258019
470,5,1.028120453
470,6,1.027954398
470,7,1.027761051
470,8,1.027541782
470,9,1.027298111
470,10,1.027031685
470,11,1.026744255
470,12,1.026437651
470,13,1.026113751
470,14,1.025774463
470,15,1.025421692
470,16,1.025057326
470,17,1.024683204
470,18,1.024301108
470,19,1.023912738
470,20,1.023519703
470,21,1.023123512
470,22,1.022725562
470,23,1.022327136
470,24,1.021929404
470,25,1.021533417
470,26,1.021140114
470,27,1.020750322
470,28,1.020364768
470,29,1.019984074
470,30,1.019608776
480,-30,1.019608764
480,-29,1.019984064
480,-28,1.02036476
480,-27,1.020750317
480,-26,1.021140111
480,-25,1.021533417
480,-24,1.021929407
480,-23,1.022327143
480,-22,1.022725572
480,-21,1.023123526
480,-20,1.023519722
480,-19,1.023912761
480,-18,1.024301136
480,-17,1.024683237
480,-16,1.025057363
480,-15,1.025421735
480,-14,1.02577451
480,-13,1.026113804
480,-12,1.026437708
480,-11,1.026744318
480,-10,1.027031752
480,-9,1.027298182
480,-8,1.027541858
480,-7,1.02776113
480,-6,1.02795448
480,-5,1.028120538
480,-4,1.028258107
480,-3,1.028366179
480,-2,1.028443957
480,-1,1.028490858
480,0,1.028506531
480,1,1.028490858
480,2,1.028443957
480,3,1.028366179
480,4,1.028258107
480,5,1.028120538
480,6,1.02795448
480,7,1.02776113
480,8,1.027541858
480,9,1.027298182
480,10,1.027031752
480,11,1.026744318
480,12,1.026437708
480,13,1.026113804
480,14,1.02577451
480,15,1.025421735
480,16,1.025057363
480,17,1.024683237
480,18,1.024301136
480,19,1.023912761
480,20,1.023519722
480,21,1.023123526
480,22,1.022725572
480,23,1.022327143
480,24,1.021929407
480,25,1.021533417
480,26,1.021140111
480,27,1.020750317
480,28,1.02036476
480,29,1.019984064
480,30,1.019608764
490,-30,1.019608754
490,-29,1.019984056
490,-28,1.020364753
490,-27,1.020750312
490,-26,1.021140108
490,-25,1.021533417
490,-24,1.02192941
490,-23,1.022327148
490,-22,1.02272558
490,-21,1.023123538
490,-20,1.023519737
490,-19,1.023912779
490,-18,1.024301158
490,-17,1.024683263
490,-16,1.025057393
490,-15,1.025421769
490,-14,1.025774549
490,-13,1.026113847
490,-12,1.026437755
490,-11,1.026744368
490,-10,1.027031806
490,-9,1.02729824
490,-8,1.027541919
490,-7,1.027761195
490,-6,1.027954547
490,-5,1.028120607
490,-4,1.028258178
490,-3,1.028366252
490,-2,1.02844403
490,-1,1.028490932
490,0,1.028506606
490,1,1.028490932
490,2,1.02844403
490,3,1.028366252
490,4,1.028258178
490,5,1.028120607
490,6,1.027954547
490,7,1.027761195
490,8,1.027541919
490,9,1.02729824
490,10,1.027031806
490,11,1.026744368
490,12,1.026437755
490,13,1.026113847
490,14,1.025774549
490,15,1.025421769
490,16,1.025057393
490,17,1.024683263
490,18,1.024301158
490,19,1.023912779
490,20,1.023519737
490,21,1.023123538
490,22,1.02272558
490,23,1.022327148
490,24,1.02192941
490,25,1.021533417
490,26,1.021140108
490,27,1.020750312
490,28,1.020364753
490,29,1.019984056
490,30,1.019608754
500,-30,1.019608746
500,-29,1.01998405
500,-28,1.020364748
500,-27,1.020750308
500,-26,1.021140106
500,-25,1.021533417
500,-24,1.021929411
500,-23,1.022327152
500,-22,1.022725587
500,-21,1.023123547
500,-20,1.023519749
500,-19,1.023912794
500,-18,1.024301176
500,-17,1.024683284
500,-16,1.025057418
500,-15,1.025421797
500,-14,1.02577458
500,-13,1.026113881
500,-12,1.026437793
500,-11,1.026744409
500,-10,1.02703185
500,-9,1.027298287
500,-8,1.027541968
500,-7,1.027761247
500,-6,1.027954601
500,-5,1.028120663
500,-4,1.028258235
500,-3,1.028366311
500,-2,1.02844409
500,-1,1.028490992
500,0,1.028506666
500,1,1.028490992
500,2,1.02844409
500,3,1.028366311
500,4,1.028258235
500,5,1.028120663
500,6,1.027954601
500,7,1.027761247
500,8,1.027541968
500,9,1.027298287
500,10,1.02703185
500,11,1.026744409
500,12,1.026437793
500,13,1.026113881
500,14,1.02577458
500,15,1.025421797
500,16,1.025057418
500,17,1.024683284
500,18,1.024301176
500,19,1.023912794
500,20,1.023519749
500,21,1.023123547
500,22,1.022725587
500,23,1.022327152
500,24,1.021929411
500,25,1.021533417
500,26,1.021140106
500,27,1.020750308
500,28,1.020364748
500,29,1.01998405
500,30,1.019608746
510,-30,1.01960874
510,-29,1.019984044
510,-28,1.020364744
510,-27,1.020750305
510,-26,1.021140104
510,-25,1.021533416
510,-24,1.021929413
510,-23,1.022327156
510,-22,1.022725592
510,-21,1.023123554
510,-20,1.023519758
510,-19,1.023912806
510,-18,1.024301191
510,-17,1.024683301
510,-16,1.025057438
510,-15,1.02542182
510,-14,1.025774605
510,-13,1.026113909
510,-12,1.026437823
510,-11,1.026744442
510,-10,1.027031886
510,-9,1.027298325
510,-8,1.027542008
510,-7,1.027761289
510,-6,1.027954645
510,-5,1.028120709
510,-4,1.028258282
510,-3,1.028366358
510,-2,1.028444138
510,-1,1.028491041
510,0,1.028506715
510,1,1.028491041
510,2,1.028444138
510,3,1.028366358
510,4,1.028258282
510,5,1.028120709
510,6,1.027954645
510,7,1.027761289
510,8,1.027542008
510,9,1.027298325
510,10,1.027031886
510,11,1.026744442
510,12,1.026437823
510,13,1.026113909
510,14,1.025774605
510,15,1.02542182
510,16,1.025057438
510,17,1.024683301
510,18,1.024301191
510,19,1.023912806
510,20,1.023519758
510,21,1.023123554
510,22,1.022725592
510,23,1.022327156
510,24,1.021929413
510,25,1.021533416
510,26,1.021140104
510,27,1.020750305
510,28,1.020364744
510,29,1.019984044
510,30,1.01960874
520,-30,1.019608735
520,-29,1.01998404
520,-28,1.02036474
520,-27,1.020750303
520,-26,1.021140103
520,-25,1.021533416
520,-24,1.021929414
520,-23,1.022327158
520,-22,1.022725596
520,-21,1.02312356
520,-20,1.023519766
520,-19,1.023912816
520,-18,1.024301202
520,-17,1.024683315
520,-16,1.025057454
520,-15,1.025421838
520,-14,1.025774626
520,-13,1.026113932
520,-12,1.026437848
520,-11,1.026744469
520,-10,1.027031915
520,-9,1.027298355
520,-8,1.027542041
520,-7,1.027761323
520,-6,1.027954681
520,-5,1.028120745
520,-4,1.02825832
520,-3,1.028366397
520,-2,1.028444177
520,-1,1.028491081
520,0,1.028506754
520,1,1.028491081
520,2,1.028444177
520,3,1.028366397
520,4,1.02825832
520,5,1.028120745
520,6,1.027954681
520,7,1.027761323
520,8,1.027542041
520,9,1.027298355
520,10,1.027031915
520,11,1.026744469
520,12,1.026437848
520,13,1.026113932
520,14,1.025774626
520,15,1.025421838
520,16,1.025057454
520,17,1.024683315
520,18,1.024301202
520,19,1.023912816
520,20,1.023519766
520,21,1.02312356
520,22,1.022725596
520,23,1.022327158
520,24,1.021929414
520,25,1.021533416
520,26,1.021140103
520,27,1.020750303
520,28,1.02036474
520,29,1.01998404
520,30,1.019608735
530,-30,1.019608731
530,-29,1.019984036
530,-28,1.020364737
530,-27,1.020750301
530,-26,1.021140102
530,-25,1.021533416
530,-24,1.021929415
530,-23,1.02232716
530,-22,1.0227256
530,-21,1.023123565
530,-20,1.023519773
530,-19,1.023912824
530,-18,1.024301212
530,-17,1.024683327
530,-16,1.025057467
530,-15,1.025421853
530,-14,1.025774642
530,-13,1.02611395
530,-12,1.026437868
530,-11,1.026744491
530,-10,1.027031938
530,-9,1.02729838
530,-8,1.027542067
530,-7,1.02776135
530,-6,1.027954709
530,-5,1.028120775
530,-4,1.02825835
530,-3,1.028366428
530,-2,1.028444209
530,-1,1.028491112
530,0,1.028506786
530,1,1.028491112
530,2,1.028444209
530,3,1.028366428
530,4,1.02825835
530,5,1.028120775
530,6,1.027954709
530,7,1.02776135
530,8,1.027542067
530,9,1.02729838
530,10,1.027031938
530,11,1.026744491
530,12,1.026437868
530,13,1.02611395
530,14,1.025774642
530,15,1.025421853
530,16,1.025057467
530,17,1.024683327
530,18,1.024301212
530,19,1.023912824
530,20,1.023519773
530,21,1.023123565
530,22,1.0227256
530,23,1.02232716
530,24,1.021929415
530,25,1.021533416
530,26,1.021140102
530,27,1.020750301
530,28,1.020364737
530,29,1.019984036
530,30,1.019608731
540,-30,1.019608727
540,-29,1.019984033
540,-28,1.020364735
540,-27,1.020750299
540,-26,1.021140101
540,-25,1.021533416
540,-24,1.021929416
540,-23,1.022327162
540,-22,1.022725602
540,-21,1.023123569
540,-20,1.023519778
540,-19,1.02391283
540,-18,1.02430122
540,-17,1.024683336
540,-16,1.025057477
540,-15,1.025421865
540,-14,1.025774656
540,-13,1.026113965
540,-12,1.026437884
540,-11,1.026744508
540,-10,1.027031957
540,-9,1.0272984
540,-8,1.027542088
540,-7,1.027761372
540,-6,1.027954732
540,-5,1.028120799
540,-4,1.028258375
540,-3,1.028366453
540,-2,1.028444235
540,-1,1.028491138
540,0,1.028506812
540,1,1.028491138
540,2,1.028444235
540,3,1.028366453
540,4,1.028258375
540,5,1.028120799
540,6,1.027954732
540,7,1.027761372
540,8,1.027542088
540,9,1.0272984
540,10,1.027031957
540,11,1.026744508
540,12,1.026437884
540,13,1.026113965
540,14,1.025774656
540,15,1.025421865
540,16,1.025057477
540,17,1.024683336
540,18,1.02430122
540,19,1.02391283
540,20,1.023519778
540,21,1.023123569
540,22,1.022725602
540,23,1.022327162
540,24,1.021929416
540,25,1.021533416
540,26,1.021140101
540,27,1.020750299
540,28,1.020364735
540,29,1.019984033
540,30,1.019608727
550,-30,1.019608725
550,-29,1.019984031
550,-28,1.020364733
550,-27,1.020750298
550,-26,1.0211401
550,-25,1.021533416
550,-24,1.021929416
550,-23,1.022327163
550,-22,1.022725605
550,-21,1.023123572
550,-20,1.023519782
550,-19,1.023912835
550,-18,1.024301226
550,-17,1.024683343
550,-16,1.025057486
550,-15,1.025421874
550,-14,1.025774666
550,-13,1.026113977
550,-12,1.026437897
550,-11,1.026744523
550,-10,1.027031972
550,-9,1.027298417
550,-8,1.027542105
550,-7,1.02776139
550,-6,1.027954751
550,-5,1.028120818
550,-4,1.028258395
550,-3,1.028366474
550,-2,1.028444255
550,-1,1.028491159
550,0,1.028506833
550,1,1.028491159
550,2,1.028444255
550,3,1.028366474
550,4,1.028258395
550,5,1.028120818
550,6,1.027954751
550,7,1.02776139
550,8,1.027542105
550,9,1.027298417
550,10,1.027031972
550,11,1.026744523
550,12,1.026437897
550,13,1.026113977
550,14,1.025774666
550,15,1.025421874
550,16,1.025057486
550,17,1.024683343
550,18,1.024301226
550,19,1.023912835
550,20,1.023519782
550,21,1.023123572
550,22,1.022725605
550,23,1.022327163
550,24,1.021929416
550,25,1.021533416
550,26,1.0211401
550,27,1.020750298
550,28,1.020364733
550,29,1.019984031
550,30,1.019608725
560,-30,1.019608722
560,-29,1.019984029
560,-28,1.020364732
560,-27,1.020750297
560,-26,1.021140099
560,-25,1.021533416
560,-24,1.021929417
560,-23,1.022327165
560,-22,1.022725606
560,-21,1.023123575
560,-20,1.023519785
560,-19,1.02391284
560,-18,1.024301231
560,-17,1.024683349
560,-16,1.025057493
560,-15,1.025421882
560,-14,1.025774675
560,-13,1.026113986
560,-12,1.026437908
560,-11,1.026744534
560,-10,1.027031984
560,-9,1.02729843
560,-8,1.027542119
560,-7,1.027761405
560,-6,1.027954766
560,-5,1.028120834
560,-4,1.028258411
560,-3,1.02836649
560,-2,1.028444272
560,-1,1.028491176
560,0,1.02850685
560,1,1.028491176
560,2,1.028444272
560,3,1.02836649
560,4,1.028258411
560,5,1.028120834
560,6,1.027954766
560,7,1.027761405
560,8,1.027542119
560,9,1.02729843
560,10,1.027031984
560,11,1.026744534
560,12,1.026437908
560,13,1.026113986
560,14,1.025774675
560,15,1.025421882
560,16,1.025057493
560,17,1.024683349
560,18,1.024301231
560,19,1.02391284
560,20,1.023519785
560,21,1.023123575
560,22,1.022725606
560,23,1.022327165
560,24,1.021929417
560,25,1.021533416
560,26,1.021140099
560,27,1.020750297
560,28,1.020364732
560,29,1.019984029
560,30,1.019608722
570,-30,1.019608721
570,-29,1.019984028
570,-28,1.02036473
570,-27,1.020750296
570,-26,1.021140099
570,-25,1.021533416
570,-24,1.021929417
570,-23,1.022327165
570,-22,1.022725608
570,-21,1.023123577
570,-20,1.023519788
570,-19,1.023912843
570,-18,1.024301235
570,-17,1.024683354
570,-16,1.025057498
570,-15,1.025421888
570,-14,1.025774682
570,-13,1.026113994
570,-12,1.026437917
570,-11,1.026744543
570,-10,1.027031994
570,-9,1.02729844
570,-8,1.027542131
570,-7,1.027761417
570,-6,1.027954779
570,-5,1.028120847
570,-4,1.028258424
570,-3,1.028366504
570,-2,1.028444286
570,-1,1.02849119
570,0,1.028506864
570,1,1.02849119
570,2,1.028444286
570,3,1.028366504
570,4,1.028258424
570,5,1.028120847
570,6,1.027954779
570,7,1.027761417
570,8,1.027542131
570,9,1.02729844
570,10,1.027031994
570,11,1.026744543
570,12,1.026437917
570,13,1.026113994
570,14,1.025774682
570,15,1.025421888
570,16,1.025057498
570,17,1.024683354
570,18,1.024301235
570,19,1.023912843
570,20,1.023519788
570,21,1.023123577
570,22,1.022725608
570,23,1.022327165
570,24,1.021929417
570,25,1.021533416
570,26,1.021140099
570,27,1.020750296
570,28,1.02036473
570,29,1.019984028
570,30,1.019608721
580,-30,1.019608719
580,-29,1.019984026
580,-28,1.020364729
580,-27,1.020750295
580,-26,1.021140098
580,-25,1.021533415
580,-24,1.021929418
580,-23,1.022327166
580,-22,1.022725609
580,-21,1.023123578
580,-20,1.02351979
580,-19,1.023912846
580,-18,1.024301238
580,-17,1.024683358
580,-16,1.025057503
580,-15,1.025421893
580,-14,1.025774688
580,-13,1.026114
580,-12,1.026437923
580,-11,1.026744551
580,-10,1.027032002
580,-9,1.027298449
580,-8,1.02754214
580,-7,1.027761426
580,-6,1.027954789
580,-5,1.028120857
580,-4,1.028258435
580,-3,1.028366514
580,-2,1.028444297
580,-1,1.028491201
580,0,1.028506875
580,1,1.028491201
580,2,1.028444297
580,3,1.028366514
580,4,1.028258435
580,5,1.028120857
580,6,1.027954789
580,7,1.027761426
580,8,1.02754214
580,9,1.027298449
580,10,1.027032002
580,11,1.026744551
580,12,1.026437923
580,13,1.026114
580,14,1.025774688
580,15,1.025421893
580,16,1.025057503
580,17,1.024683358
580,18,1.024301238
580,19,1.023912846
580,20,1.02351979
580,21,1.023123578
580,22,1.022725609
580,23,1.022327166
580,24,1.021929418
580,25,1.021533415
580,26,1.021140098
580,27,1.020750295
580,28,1.020364729
580,29,1.019984026
580,30,1.019608719
590,-30,1.019608718
590,-29,1.019984025
590,-28,1.020364728
590,-27,1.020750294
590,-26,1.021140098
590,-25,1.021533415
590,-24,1.021929418
590,-23,1.022327167
590,-22,1.02272561
590,-21,1.02312358
590,-20,1.023519792
590,-19,1.023912848
590,-18,1.024301241
590,-17,1.024683361
590,-16,1.025057506
590,-15,1.025421897
590,-14,1.025774692
590,-13,1.026114005
590,-12,1.026437929
590,-11,1.026744557
590,-10,1.027032009
590,-9,1.027298456
590,-8,1.027542147
590,-7,1.027761434
590,-6,1.027954797
590,-5,1.028120865
590,-4,1.028258443
590,-3,1.028366523
590,-2,1.028444306
590,-1,1.02849121
590,0,1.028506884
590,1,1.02849121
590,2,1.028444306
590,3,1.028366523
590,4,1.028258443
590,5,1.028120865
590,6,1.027954797
590,7,1.027761434
590,8,1.027542147
590,9,1.027298456
590,10,1.027032009
590,11,1.026744557
590,12,1.026437929
590,13,1.026114005
590,14,1.025774692
590,15,1.025421897
590,16,1.025057506
590,17,1.024683361
590,18,1.024301241
590,19,1.023912848
590,20,1.023519792
590,21,1.02312358
590,22,1.02272561
590,23,1.022327167
590,24,1.021929418
590,25,1.021533415
590,26,1.021140098
590,27,1.020750294
590,28,1.020364728
590,29,1.019984025
590,30,1.019608718
600,-30,1.019608717
600,-29,1.019984024
600,-28,1.020364728
600,-27,1.020750294
600,-26,1.021140098
600,-25,1.021533415
600,-24,1.021929418
600,-23,1.022327167
600,-22,1.022725611
600,-21,1.023123581
600,-20,1.023519793
600,-19,1.02391285
600,-18,1.024301243
600,-17,1.024683363
600,-16,1.025057509
600,-15,1.025421901
600,-14,1.025774696
600,-13,1.02611401
600,-12,1.026437934
600,-11,1.026744562
600,-10,1.027032014
600,-9,1.027298462
600,-8,1.027542153
600,-7,1.02776144
600,-6,1.027954803
600,-5,1.028120872
600,-4,1.02825845
600,-3,1.02836653
600,-2,1.028444313
600,-1,1.028491217
600,0,1.028506891
600,1,1.028491217
600,2,1.028444313
600,3,1.02836653
600,4,1.02825845
600,5,1.028120872
600,6,1.027954803
600,7,1.02776144
600,8,1.027542153
600,9,1.027298462
600,10,1.027032014
600,11,1.026744562
600,12,1.026437934
600,13,1.02611401
600,14,1.025774696
600,15,1.025421901
600,16,1.025057509
600,17,1.024683363
600,18,1.024301243
600,19,1.02391285
600,20,1.023519793
600,21,1.023123581
600,22,1.022725611
600,23,1.022327167
600,24,1.021929418
600,25,1.021533415
600,26,1.021140098
600,27,1.020750294
600,28,1.020364728
600,29,1.019984024
600,30,1.019608717
