tau,q,bid_depth
0,-30,0.4987541511
0,-29,0.4987541511
0,-28,0.4987541511
0,-27,0.4987541511
0,-26,0.4987541511
0,-25,0.4987541511
0,-24,0.4987541511
0,-23,0.4987541511
0,-22,0.4987541511
0,-21,0.4987541511
0,-20,0.4987541511
0,-19,0.4987541511
0,-18,0.4987541511
0,-17,0.4987541511
0,-16,0.4987541511
0,-15,0.4987541511
0,-14,0.4987541511
0,-13,0.4987541511
0,-12,0.4987541511
0,-11,0.4987541511
0,-10,0.4987541511
0,-9,0.4987541511
0,-8,0.4987541511
0,-7,0.4987541511
0,-6,0.4987541511
0,-5,0.4987541511
0,-4,0.4987541511
0,-3,0.4987541511
0,-2,0.4987541511
0,-1,0.4987541511
0,0,0.4987541511
0,1,0.4987541511
0,2,0.4987541511
0,3,0.4987541511
0,4,0.4987541511
0,5,0.4987541511
0,6,0.4987541511
0,7,0.4987541511
0,8,0.4987541511
0,9,0.4987541511
0,10,0.4987541511
0,11,0.4987541511
0,12,0.4987541511
0,13,0.4987541511
0,14,0.4987541511
0,15,0.4987541511
0,16,0.4987541511
0,17,0.4987541511
0,18,0.4987541511
0,19,0.4987541511
0,20,0.4987541511
0,21,0.4987541511
0,22,0.4987541511
0,23,0.4987541511
0,24,0.4987541511
0,25,0.4987541511
0,26,0.4987541511
0,27,0.4987541511
0,28,0.4987541511
0,29,0.4987541511
0,30,0.4987541511
10,-30,0.2434342977
10,-29,0.2520733066
10,-28,0.2607139716
10,-27,0.2693562328
10,-26,0.2780000303
10,-25,0.2866453044
10,-24,0.2952919956
10,-23,0.3039400446
10,-22,0.3125893924
10,-21,0.32123998
10,-20,0.3298917486
10,-19,0.3385446396
10,-18,0.3471985946
10,-17,0.3558535552
10,-16,0.3645094633
10,-15,0.3731662607
10,-14,0.3818238896
10,-13,0.3904822921
10,-12,0.3991414105
10,-11,0.4078011872
10,-10,0.4164615646
10,-9,0.4251224852
10,-8,0.4337838918
10,-7,0.4424457269
10,-6,0.4511079333
10,-5,0.4597704539
10,-4,0.4684332313
10,-3,0.4770962086
10,-2,0.4857593285
10,-1,0.4944225341
10,0,0.5030857681
10,1,0.5117489737
10,2,0.5204120936
10,3,0.5290750709
10,4,0.5377378484
10,5,0.5464003689
10,6,0.5550625753
10,7,0.5637244104
10,8,0.572385817
10,9,0.5810467376
10,10,0.589707115
10,11,0.5983668917
10,12,0.6070260101
10,13,0.6156844126
10,14,0.6243420415
10,15,0.6329988389
10,16,0.641654747
10,17,0.6503097076
10,18,0.6589636626
10,19,0.6676165536
10,20,0.6762683222
10,21,0.6849189098
10,22,0.6935682576
10,23,0.7022163067
10,24,0.7108629979
10,25,0.7195082719
10,26,0.7281520694
10,27,0.7367943306
10,28,0.7454349957
10,29,0.7540740045
10,30,0.7627112968
20,-30,0.04094726068
20,-29,0.05616881761
20,-28,0.0714208798
20,-27,0.08670242384
20,-26,0.1020124207
20,-25,0.1173498359
20,-24,0.1327136299
20,-23,0.1481027585
20,-22,0.163516173
20,-21,0.1789528202
20,-20,0.1944116433
20,-19,0.2098915818
20,-18,0.2253915716
20,-17,0.2409105454
20,-16,0.2564474331
20,-15,0.2720011618
20,-14,0.287570656
20,-13,0.3031548379
20,-12,0.3187526277
20,-11,0.3343629435
20,-10,0.3499847017
20,-9,0.3656168172
20,-8,0.3812582034
20,-7,0.3969077724
20,-6,0.4125644355
20,-5,0.4282271027
20,-4,0.4438946834
20,-3,0.4595660864
20,-2,0.47524022
20,-1,0.490915992
20,0,0.5065923102
20,1,0.5222680823
20,2,0.5379422158
20,3,0.5536136188
20,4,0.5692811996
20,5,0.5849438667
20,6,0.6006005298
20,7,0.6162500988
20,8,0.631891485
20,9,0.6475236005
20,10,0.6631453587
20,11,0.6787556745
20,12,0.6943534643
20,13,0.7099376462
20,14,0.7255071404
20,15,0.7410608691
20,16,0.7565977568
20,17,0.7721167306
20,18,0.7876167204
20,19,0.8030966589
20,20,0.818555482
20,21,0.8339921292
20,22,0.8494055437
20,23,0.8647946723
20,24,0.8801584663
20,25,0.8954958815
20,26,0.9108058784
20,27,0.9260874224
20,28,0.9413394846
20,29,0.9565610415
20,30,0.9717510758
30,-30,-0.09150770964
30,-29,-0.07254706265
30,-28,-0.0534842932
30,-27,-0.03432192729
30,-26,-0.01506259181
30,-25,0.004290987007
30,-24,0.02373598527
30,-23,0.04326948338
30,-22,0.06288846816
30,-21,0.08258983521
30,-20,0.1023703914
30,-19,0.1222268578
30,-18,0.1421558722
30,-17,0.1621539926
30,-16,0.1822177004
30,-15,0.2023434037
30,-14,0.2225274413
30,-13,0.2427660857
30,-12,0.2630555479
30,-11,0.283391981
30,-10,0.3037714841
30,-9,0.3241901071
30,-8,0.3446438549
30,-7,0.3651286917
30,-6,0.3856405458
30,-5,0.4061753141
30,-4,0.426728867
30,-3,0.4472970528
30,-2,0.467875703
30,-1,0.4884606366
30,0,0.5090476656
30,1,0.5296325992
30,2,0.5502112494
30,3,0.5707794352
30,4,0.5913329881
30,5,0.6118677564
30,6,0.6323796105
30,7,0.6528644473
30,8,0.6733181951
30,9,0.6937368182
30,10,0.7141163212
30,11,0.7344527543
30,12,0.7547422165
30,13,0.7749808609
30,14,0.7951648985
30,15,0.8152906018
30,16,0.8353543096
30,17,0.8553524301
30,18,0.8752814444
30,19,0.8951379108
30,20,0.914918467
30,21,0.934619834
30,22,0.9542388188
30,23,0.9737723169
30,24,0.9932173152
30,25,1.012570894
30,26,1.031830229
30,27,1.050992595
30,28,1.070055365
30,29,1.089016012
30,30,1.107872112
40,-30,-0.1705955726
40,-29,-0.1498428297
40,-28,-0.1289120492
40,-27,-0.1078059895
40,-26,-0.08652768586
40,-25,-0.0650804547
40,-24,-0.04346789688
40,-23,-0.02169390019
40,-22,0.0002373592052
40,-21,0.02232141639
40,-20,0.04455351834
40,-19,0.06692862582
40,-18,0.08944141637
40,-17,0.1120862886
40,-16,0.1348573677
40,-15,0.1577485124
40,-14,0.1807533225
40,-13,0.203865149
40,-12,0.2270771042
40,-11,0.2503820735
40,-10,0.273772729
40,-9,0.297241543
40,-8,0.320780804
40,-7,0.3443826327
40,-6,0.3680389992
40,-5,0.3917417417
40,-4,0.415482585
40,-3,0.4392531604
40,-2,0.4630450259
40,-1,0.4868496865
40,0,0.5106586157
40,1,0.5344632763
40,2,0.5582551418
40,3,0.5820257172
40,4,0.6057665605
40,5,0.629469303
40,6,0.6531256695
40,7,0.6767274982
40,8,0.7002667592
40,9,0.7237355732
40,10,0.7471262287
40,11,0.770431198
40,12,0.7936431532
40,13,0.8167549797
40,14,0.8397597898
40,15,0.8626509345
40,16,0.8854220136
40,17,0.9080668858
40,18,0.9305796764
40,19,0.9529547839
40,20,0.9751868858
40,21,0.997270943
40,22,1.019202202
40,23,1.040976199
40,24,1.062588757
40,25,1.084035988
40,26,1.105314292
40,27,1.126420351
40,28,1.147351132
40,29,1.168103875
40,30,1.188676094
50,-30,-0.2176776128
50,-29,-0.1960841949
50,-28,-0.174254841
50,-27,-0.152191528
50,-26,-0.1298966602
50,-25,-0.1073730858
50,-24,-0.0846241134
50,-23,-0.06165352637
50,-22,-0.03846559581
50,-21,-0.01506509187
50,-20,0.008542707233
50,-19,0.03235200829
50,-18,0.05635649885
50,-17,0.08054934556
50,-16,0.1049231955
50,-15,0.1294701807
50,-14,0.1541819255
50,-13,0.1790495578
50,-12,0.2040637233
50,-11,0.2292146035
50,-10,0.2544919369
50,-9,0.279885044
50,-8,0.3053828551
50,-7,0.3309739419
50,-6,0.3566465518
50,-5,0.3823886448
50,-4,0.4081879335
50,-3,0.4340319248
50,-2,0.4599079634
50,-1,0.4858032775
50,0,0.5117050247
50,1,0.5376003388
50,2,0.5634763774
50,3,0.5893203687
50,4,0.6151196574
50,5,0.6408617505
50,6,0.6665343603
50,7,0.6921254471
50,8,0.7176232582
50,9,0.7430163653
50,10,0.7682936987
50,11,0.7934445789
50,12,0.8184587444
50,13,0.8433263767
50,14,0.8680381215
50,15,0.8925851067
50,16,0.9169589566
50,17,0.9411518034
50,18,0.9651562939
50,19,0.988965595
50,20,1.012573394
50,21,1.035973898
50,22,1.059161829
50,23,1.082132416
50,24,1.104881388
50,25,1.127404962
50,26,1.14969983
50,27,1.171763143
50,28,1.193592497
50,29,1.215185915
50,30,1.236541829
60,-30,-0.2467248711
60,-29,-0.2247186847
60,-28,-0.2024364396
60,-27,-0.1798790476
60,-26,-0.1570479449
60,-25,-0.1339451231
60,-24,-0.1105731598
60,-23,-0.08693524757
60,-22,-0.06303522171
60,-21,-0.03887758562
60,-20,-0.01446753352
60,-19,0.0101890297
60,-18,0.03508547229
60,-17,0.06021442341
60,-16,0.08556776534
60,-15,0.1111366306
60,-14,0.1369114045
60,-13,0.1628817328
60,-12,0.1890365361
60,-11,0.2153640299
60,-10,0.2418517505
60,-9,0.268486588
60,-8,0.2952548251
60,-7,0.3221421819
60,-6,0.3491338668
60,-5,0.3762146325
60,-4,0.403368837
60,-3,0.4305805092
60,-2,0.4578334182
60,-1,0.4851111451
60,0,0.5123971572
60,1,0.539674884
60,2,0.566927793
60,3,0.5941394653
60,4,0.6212936697
60,5,0.6483744354
60,6,0.6753661203
60,7,0.7022534771
60,8,0.7290217142
60,9,0.7556565517
60,10,0.7821442723
60,11,0.8084717661
60,12,0.8346265694
60,13,0.8605968978
60,14,0.8863716716
60,15,0.9119405369
60,16,0.9372938788
60,17,0.9624228299
60,18,0.9873192725
60,19,1.011975836
60,20,1.036385888
60,21,1.060543524
60,22,1.08444355
60,23,1.108081462
60,24,1.131453425
60,25,1.154556247
60,26,1.17738735
60,27,1.199944742
60,28,1.222226987
60,29,1.244233173
60,30,1.265962881
70,-30,-0.2654637919
70,-29,-0.243243044
70,-28,-0.2207187069
70,-27,-0.1978906829
70,-26,-0.1747594557
70,-25,-0.1513261343
70,-24,-0.1275924966
70,-23,-0.1035610324
70,-22,-0.07923498447
70,-21,-0.0546183883
70,-20,-0.02971610857
70,-19,-0.004533872423
70,-18,0.02092170141
70,-17,0.04664307849
70,-16,0.07262179016
70,-15,0.09884842141
70,-14,0.1253126059
70,-13,0.1520030287
70,-12,0.178907437
70,-11,0.2060126598
70,-10,0.2333046367
70,-9,0.2607684552
70,-8,0.2883883979
70,-7,0.3161479983
70,-6,0.3440301055
70,-5,0.3720169567
70,-4,0.4000902576
70,-3,0.4282312696
70,-2,0.4564209021
70,-1,0.4846398096
70,0,0.5128684926
70,1,0.5410874002
70,2,0.5692770326
70,3,0.5974180446
70,4,0.6254913455
70,5,0.6534781967
70,6,0.6813603039
70,7,0.7091199043
70,8,0.736739847
70,9,0.7642036655
70,10,0.7914956424
70,11,0.8186008652
70,12,0.8455052735
70,13,0.8721956963
70,14,0.8986598808
70,15,0.9248865121
70,16,0.9508652237
70,17,0.9765866008
70,18,1.002042175
70,19,1.027224411
70,20,1.052126691
70,21,1.076743287
70,22,1.101069335
70,23,1.125100799
70,24,1.148834437
70,25,1.172267758
70,26,1.195398985
70,27,1.218227009
70,28,1.240751346
70,29,1.262972094
70,30,1.284889888
80,-30,-0.2780745475
80,-29,-0.2557367749
80,-28,-0.2330761922
80,-27,-0.21009184
80,-26,-0.1867833733
80,-25,-0.1631511153
80,-24,-0.1391961123
80,-23,-0.1149201881
80,-22,-0.09032599779
80,-21,-0.06541707879
80,-20,-0.04019790066
80,-19,-0.01467391041
80,-18,0.01114842638
80,-17,0.03726158997
80,-16,0.06365697755
80,-15,0.09032488177
80,-14,0.117254478
80,-13,0.1444338207
80,-12,0.1718498507
80,-11,0.1994884125
80,-10,0.2273342838
80,-9,0.2553712162
80,-8,0.2835819882
80,-7,0.3119484694
80,-6,0.3404516966
80,-5,0.3690719602
80,-4,0.3977889009
80,-3,0.4265816147
80,-2,0.4554287658
80,-1,0.4843087057
80,0,0.5131995965
80,1,0.5420795364
80,2,0.5709266875
80,3,0.5997194013
80,4,0.628436342
80,5,0.6570566056
80,6,0.6855598328
80,7,0.713926314
80,8,0.742137086
80,9,0.7701740184
80,10,0.7980198897
80,11,0.8256584515
80,12,0.8530744815
80,13,0.8802538242
80,14,0.9071834204
80,15,0.9338513247
80,16,0.9602467122
80,17,0.9863598758
80,18,1.012182213
80,19,1.037706203
80,20,1.062925381
80,21,1.0878343
80,22,1.11242849
80,23,1.136704414
80,24,1.160659417
80,25,1.184291676
80,26,1.207600142
80,27,1.230584494
80,28,1.253245077
80,29,1.27558285
80,30,1.297599332
90,-30,-0.2868769065
90,-29,-0.2644730941
90,-28,-0.2417327307
90,-27,-0.2186541472
90,-26,-0.1952363067
90,-25,-0.1714788676
90,-24,-0.1473822467
90,-23,-0.1229476836
90,-22,-0.09817730435
90,-21,-0.07307418346
90,-20,-0.04764240404
90,-19,-0.02188711403
90,-18,0.004185422125
90,-17,0.03056777774
90,-16,0.05725132548
90,-15,0.08422620738
90,-14,0.1114813147
90,-13,0.1390042785
90,-12,0.1667814726
90,-11,0.1947980288
90,-10,0.2230378659
90,-9,0.2514837329
90,-8,0.2801172659
90,-7,0.3089190596
90,-6,0.3378687517
90,-5,0.3669451214
90,-4,0.3961261987
90,-3,0.4253893854
90,-2,0.4547115844
90,-1,0.484069337
90,0,0.5134389652
90,1,0.5427967178
90,2,0.5721189168
90,3,0.6013821035
90,4,0.6305631808
90,5,0.6596395505
90,6,0.6885892426
90,7,0.7173910363
90,8,0.7460245693
90,9,0.7744704363
90,10,0.8027102734
90,11,0.8307268296
90,12,0.8585040237
90,13,0.8860269875
90,14,0.9132820948
90,15,0.9402569767
90,16,0.9669405245
90,17,0.9933228801
90,18,1.019395416
90,19,1.045150706
90,20,1.070582486
90,21,1.095685607
90,22,1.120455986
90,23,1.144890549
90,24,1.16898717
90,25,1.192744609
90,26,1.216162449
90,27,1.239241033
90,28,1.261981396
90,29,1.284385209
90,30,1.306454711
100,-30,-0.2932099805
100,-29,-0.2707681679
100,-28,-0.2479797542
100,-27,-0.2248424914
100,-26,-0.2013547738
100,-25,-0.1775157068
100,-24,-0.1533251783
100,-23,-0.1287839303
100,-22,-0.1038936314
100,-21,-0.07865694751
100,-20,-0.05307761086
100,-19,-0.02716048576
100,-18,-0.0009116291608
100,-17,0.02566165478
100,-16,0.05255076797
100,-15,0.07974578091
100,-14,0.1072354059
100,-13,0.1350069826
100,-12,0.1630464764
100,-11,0.1913384919
100,-10,0.2198663017
100,-9,0.2486118899
100,-8,0.2775560135
100,-7,0.3066782785
100,-6,0.3359572319
100,-5,0.3653704695
100,-4,0.394894756
100,-3,0.4245061586
100,-2,0.4541801901
100,-1,0.4838919617
100,0,0.5136163405
100,1,0.5433281121
100,2,0.5730021437
100,3,0.6026135462
100,4,0.6321378327
100,5,0.6615510703
100,6,0.6908300238
100,7,0.7199522887
100,8,0.7488964123
100,9,0.7776420005
100,10,0.8061698103
100,11,0.8344618259
100,12,0.8625013196
100,13,0.8902728963
100,14,0.9177625213
100,15,0.9449575342
100,16,0.9718466474
100,17,0.9984199314
100,18,1.024668788
100,19,1.050585913
100,20,1.07616525
100,21,1.101401934
100,22,1.126292233
100,23,1.150833481
100,24,1.175024009
100,25,1.198863076
100,26,1.222350794
100,27,1.245488056
100,28,1.26827647
100,29,1.290718283
100,30,1.312816317
110,-30,-0.297879881
110,-29,-0.275416109
110,-28,-0.2525982377
110,-27,-0.2294235481
110,-26,-0.2058899679
110,-25,-0.1819961456
110,-24,-0.1577415283
110,-23,-0.1331264397
110,-22,-0.1081521592
110,-21,-0.08282100061
110,-20,-0.05713638822
110,-19,-0.03110293064
110,-18,-0.004726489033
110,-17,0.02198576081
110,-16,0.04902527458
110,-15,0.07638209551
110,-14,0.1040448218
110,-13,0.1320005876
110,-12,0.1602350579
110,-11,0.1887324398
110,-10,0.2174755106
110,-9,0.2464456627
110,-8,0.2756229671
110,-7,0.3049862541
110,-6,0.3345132117
110,-5,0.3641804999
110,-4,0.3939638808
110,-3,0.4238383619
110,-2,0.4537783511
110,-1,0.4837578212
110,0,0.513750481
110,1,0.5437299511
110,2,0.5736699403
110,3,0.6035444214
110,4,0.6333278023
110,5,0.6629950905
110,6,0.6925220481
110,7,0.7218853351
110,8,0.7510626395
110,9,0.7800327916
110,10,0.8087758624
110,11,0.8372732443
110,12,0.8655077146
110,13,0.8934634804
110,14,0.9211262067
110,15,0.9484830276
110,16,0.9755225414
110,17,1.002234791
110,18,1.028611233
110,19,1.05464469
110,20,1.080329303
110,21,1.105660461
110,22,1.130634742
110,23,1.15524983
110,24,1.179504448
110,25,1.20339827
110,26,1.22693185
110,27,1.25010654
110,28,1.272924411
110,29,1.295388183
110,30,1.31750115
120,-30,-0.3013918464
120,-29,-0.2789155574
120,-28,-0.2560794822
120,-27,-0.2328805174
120,-26,-0.2093162075
120,-25,-0.1853848245
120,-24,-0.1610854491
120,-23,-0.1364180549
120,-22,-0.1113835933
120,-21,-0.08598407776
120,-20,-0.06022266715
120,-19,-0.03410374546
120,-18,-0.007632996891
120,-17,0.01918252571
120,-16,0.04633434093
120,-15,0.07381248918
120,-14,0.1016054954
120,-13,0.1297003459
120,-12,0.15808248
120,-11,0.1867358003
120,-10,0.2156426989
120,-9,0.2447841042
120,-8,0.274139546
120,-7,0.3036872398
120,-6,0.3334041901
120,-5,0.3632663112
120,-4,0.3932485641
120,-3,0.4233251089
120,-2,0.4534694688
120,-1,0.4836547048
120,0,0.5138535974
120,1,0.5440388334
120,2,0.5741831933
120,3,0.6042597381
120,4,0.634241991
120,5,0.6641041121
120,6,0.6938210624
120,7,0.7233687562
120,8,0.752724198
120,9,0.7818656033
120,10,0.8107725019
120,11,0.8394258222
120,12,0.8678079563
120,13,0.8959028068
120,14,0.923695813
120,15,0.9511739613
120,16,0.9783257765
120,17,1.005141299
120,18,1.031612048
120,19,1.057730969
120,20,1.08349238
120,21,1.108891896
120,22,1.133926357
120,23,1.158593751
120,24,1.182893127
120,25,1.20682451
120,26,1.23038882
120,27,1.253587784
120,28,1.27642386
120,29,1.298900149
120,30,1.321020327
130,-30,-0.3040745806
130,-29,-0.2815914369
130,-28,-0.2587441353
130,-27,-0.2355292581
130,-26,-0.2119440354
130,-25,-0.1879864278
130,-24,-0.1636552121
130,-23,-0.1389500697
130,-22,-0.1138716762
130,-21,-0.08842179117
130,-20,-0.06260334652
130,-19,-0.03642053196
130,-18,-0.009878875578
130,-17,0.01701468233
130,-16,0.04425172412
130,-15,0.07182230054
130,-14,0.09971488923
130,-13,0.127916368
130,-12,0.1564120045
130,-11,0.1851854639
130,-10,0.2142188356
130,-9,0.2434926803
130,-8,0.2729860964
130,-7,0.3026768081
130,-6,0.3325412722
130,-5,0.362554804
130,-4,0.3926917207
130,-3,0.4229255004
130,-2,0.4532289539
130,-1,0.4835744077
130,0,0.5139338945
130,1,0.5442793483
130,2,0.5745828018
130,3,0.6048165815
130,4,0.6349534982
130,5,0.66496703
130,6,0.6948314941
130,7,0.7245222058
130,8,0.7540156219
130,9,0.7832894666
130,10,0.8123228383
130,11,0.8410962977
130,12,0.8695919342
130,13,0.897793413
130,14,0.9256860017
130,15,0.9532565781
130,16,0.9804936199
130,17,1.007387178
130,18,1.033928834
130,19,1.060111649
130,20,1.085930093
130,21,1.111379978
130,22,1.136458372
130,23,1.161163514
130,24,1.18549473
130,25,1.209452338
130,26,1.23303756
130,27,1.256252437
130,28,1.279099739
130,29,1.301582883
130,30,1.323705856
140,-30,-0.3061492837
140,-29,-0.2836627093
140,-28,-0.2608085803
140,-27,-0.2375832213
140,-26,-0.2139836037
140,-25,-0.1900074308
140,-24,-0.165653227
140,-23,-0.1409204301
140,-22,-0.1158094846
140,-21,-0.09032193591
140,-20,-0.06446052343
140,-19,-0.03822927031
140,-18,-0.01163356895
140,-17,0.01531974061
140,-16,0.04262230125
140,-15,0.07026418045
140,-14,0.09823382532
140,-13,0.126518033
140,-12,0.1551019381
140,-11,0.1839690193
140,-10,0.2131011254
140,-9,0.2424785229
140,-8,0.2720799643
140,-7,0.3018827784
140,-6,0.3318629802
140,-5,0.3619954015
140,-4,0.3922538394
140,-3,0.4226112204
140,-2,0.4530397792
140,-1,0.483511248
140,0,0.5139970542
140,1,0.544468523
140,2,0.5748970818
140,3,0.6052544628
140,4,0.6355129007
140,5,0.665645322
140,6,0.6956255238
140,7,0.7254283379
140,8,0.7550297793
140,9,0.7844071768
140,10,0.813539283
140,11,0.8424063641
140,12,0.8709902692
140,13,0.8992744769
140,14,0.9272441218
140,15,0.954886001
140,16,0.9821885616
140,17,1.009141871
140,18,1.035737573
140,19,1.061968826
140,20,1.087830238
140,21,1.113317787
140,22,1.138428732
140,23,1.163161529
140,24,1.187515733
140,25,1.211491906
140,26,1.235091524
140,27,1.258316882
140,28,1.281171011
140,29,1.303657586
140,30,1.325780846
150,-30,-0.3077693596
150,-29,-0.2852814201
150,-28,-0.2624232643
150,-27,-0.2391910053
150,-26,-0.215581401
150,-25,-0.1915919419
150,-24,-0.1672209433
150,-23,-0.1424676396
150,-22,-0.1173322822
150,-21,-0.09181623648
150,-20,-0.06592207897
150,-19,-0.0396536911
150,-18,-0.01301634856
150,-17,0.01398319645
150,-16,0.04133664202
150,-15,0.06903407491
150,-14,0.09706392261
150,-13,0.1254129213
150,-12,0.1540661017
150,-11,0.1830067942
150,-10,0.212216655
150,-9,0.241675714
150,-8,0.2713624444
150,-7,0.301253855
150,-6,0.3313256031
150,-5,0.3615521287
150,-4,0.3919068066
150,-3,0.4223621161
150,-2,0.4528898242
150,-1,0.4834611806
150,0,0.5140471216
150,1,0.5446184781
150,2,0.5751461861
150,3,0.6056014956
150,4,0.6359561735
150,5,0.6661826991
150,6,0.6962544472
150,7,0.7261458578
150,8,0.7558325882
150,9,0.7852916472
150,10,0.814501508
150,11,0.8434422005
150,12,0.8720953809
150,13,0.9004443796
150,14,0.9284742273
150,15,0.9561716602
150,16,0.9835251058
150,17,1.010524651
150,18,1.037161993
150,19,1.063430381
150,20,1.089324539
150,21,1.114840584
150,22,1.139975942
150,23,1.164729245
150,24,1.189100244
150,25,1.213089703
150,26,1.236699308
150,27,1.259931567
150,28,1.282789722
150,29,1.305277662
150,30,1.327399834
160,-30,-0.3090440438
160,-29,-0.2865559652
160,-28,-0.2636955706
160,-27,-0.2404587991
160,-26,-0.2168422326
160,-25,-0.1928431856
160,-24,-0.1684597994
160,-23,-0.1436911396
160,-22,-0.1185372959
160,-21,-0.09299948287
160,-20,-0.06708013976
160,-19,-0.04078302796
160,-18,-0.0141133235
160,-17,0.0129222974
160,-16,0.04031558203
160,-15,0.06805663676
160,-14,0.09613387659
160,-13,0.1245339911
160,-12,0.153241929
160,-11,0.182240902
160,-10,0.2115124112
160,-9,0.2410362951
160,-8,0.2707908006
160,-7,0.3007526766
160,-6,0.3308972896
160,-5,0.361198761
160,-4,0.3916301224
160,-3,0.422163489
160,-2,0.4527702472
160,-1,0.4834212546
160,0,0.5140870476
160,1,0.544738055
160,2,0.5753448132
160,3,0.6058781798
160,4,0.6363095412
160,5,0.6666110126
160,6,0.6967556256
160,7,0.7267175016
160,8,0.7564720071
160,9,0.785995891
160,10,0.8152674002
160,11,0.8442663732
160,12,0.8729743111
160,13,0.9013744256
160,14,0.9294516655
160,15,0.9571927202
160,16,0.9845860048
160,17,1.011621626
160,18,1.03829133
160,19,1.064588442
160,20,1.090507785
160,21,1.116045598
160,22,1.141199442
160,23,1.165968102
160,24,1.190351488
160,25,1.214350535
160,26,1.237967101
160,27,1.261203873
160,28,1.284064267
160,29,1.306552346
160,30,1.328672728
170,-30,-0.310052918
170,-29,-0.2875654018
170,-28,-0.2647039046
170,-27,-0.2414642222
170,-26,-0.2178427912
170,-25,-0.1938367806
170,-24,-0.1694441874
170,-23,-0.1446639366
170,-22,-0.1194959831
170,-21,-0.093941415
170,-20,-0.06800255649
170,-19,-0.0416830676
170,-18,-0.01498803972
170,-17,0.01207591607
170,-16,0.03950059019
170,-15,0.06727610768
170,-14,0.09539087573
170,-13,0.123831548
170,-12,0.1525830077
170,-11,0.1816283715
170,-10,0.2109490147
170,-9,0.2405246206
170,-8,0.2703332518
170,-7,0.3003514456
170,-6,0.330554332
170,-5,0.3609157724
170,-4,0.3914085187
170,-3,0.4220043894
170,-2,0.452674461
170,-1,0.4833892713
170,0,0.5141190309
170,1,0.5448338412
170,2,0.5755039128
170,3,0.6060997835
170,4,0.6365925298
170,5,0.6669539702
170,6,0.6971568566
170,7,0.7271750505
170,8,0.7569836816
170,9,0.7865592875
170,10,0.8158799307
170,11,0.8449252945
170,12,0.8736767542
170,13,0.9021174265
170,14,0.9302321945
170,15,0.958007712
170,16,0.9854323861
170,17,1.012496342
170,18,1.03919137
170,19,1.065510859
170,20,1.091449717
170,21,1.117004285
170,22,1.142172239
170,23,1.16695249
170,24,1.191345083
170,25,1.215351093
170,26,1.238972524
170,27,1.262212207
170,28,1.285073704
170,29,1.30756122
170,30,1.329679514
180,-30,-0.3108550999
180,-29,-0.2883685187
180,-28,-0.2655066308
180,-27,-0.242265114
180,-26,-0.2186402851
180,-25,-0.1946291925
180,-24,-0.1702297138
180,-23,-0.1454406568
180,-22,-0.1202618643
180,-21,-0.09469431884
180,-20,-0.06874024802
180,-19,-0.04240322665
180,-18,-0.01568827463
180,-17,0.01139805249
180,-16,0.03884758242
180,-15,0.06665045735
180,-14,0.09479507973
180,-13,0.1232680752
180,-12,0.1520542748
180,-11,0.1811367179
180,-10,0.2104966782
180,-9,0.2401137122
180,-8,0.2699657327
180,-7,0.3000291043
180,-6,0.3302787637
180,-5,0.3606883604
180,-4,0.391230418
180,-3,0.421876513
180,-2,0.452597469
180,-1,0.4833635627
180,0,0.5141447395
180,1,0.5449108333
180,2,0.5756317892
180,3,0.6062778842
180,4,0.6368199418
180,5,0.6672295385
180,6,0.6974791979
180,7,0.7275425695
180,8,0.75739459
180,9,0.787011624
180,10,0.8163715843
180,11,0.8454540274
180,12,0.874240227
180,13,0.9027132225
180,14,0.9308578449
180,15,0.9586607198
180,16,0.9861102497
180,17,1.013196577
180,18,1.039911529
180,19,1.06624855
180,20,1.092202621
180,21,1.117770166
180,22,1.142948959
180,23,1.167738016
180,24,1.192137495
180,25,1.216148587
180,26,1.239773416
180,27,1.263014933
180,28,1.285876821
180,29,1.308363402
180,30,1.33047955
190,-30,-0.3114952291
190,-29,-0.2890097504
190,-28,-0.266147906
190,-27,-0.2429052767
190,-26,-0.2192780805
190,-25,-0.195263266
190,-24,-0.1708586117
190,-23,-0.1460628285
190,-22,-0.1208756656
190,-21,-0.0952980176
190,-20,-0.06933203128
190,-19,-0.04298121007
190,-18,-0.01625051363
190,-17,0.01085354949
190,-16,0.03832283904
190,-15,0.06614751252
190,-14,0.09431596966
190,-13,0.1228148141
190,-12,0.1516288349
190,-11,0.180741009
190,-10,0.210132527
190,-9,0.2397828426
190,-8,0.2696697456
190,-7,0.29976946
190,-6,0.3300567646
190,-5,0.3605051357
190,-4,0.3910869103
190,-3,0.4217734676
190,-2,0.4525354244
190,-1,0.4833428449
190,0,0.5141654573
190,1,0.5449728778
190,2,0.5757348346
190,3,0.6064213919
190,4,0.6370031665
190,5,0.6674515376
190,6,0.6977388422
190,7,0.7278385566
190,8,0.7577254596
190,9,0.7873757752
190,10,0.8167672932
190,11,0.8458794673
190,12,0.8746934881
190,13,0.9031923326
190,14,0.9313607897
190,15,0.9591854632
190,16,0.9866547527
190,17,1.013758816
190,18,1.040489512
190,19,1.066840333
190,20,1.09280632
190,21,1.118383968
190,22,1.143571131
190,23,1.168366914
190,24,1.192771568
190,25,1.216786383
190,26,1.240413579
190,27,1.263656208
190,28,1.286518053
190,29,1.309003531
190,30,1.331117612
200,-30,-0.3120074724
200,-29,-0.2895231375
200,-28,-0.2666615891
200,-27,-0.2434183281
200,-26,-0.2197894909
200,-25,-0.1957719438
200,-24,-0.1713633832
200,-23,-0.1465624395
200,-22,-0.1213687843
200,-21,-0.09578323879
200,-20,-0.06980788257
200,-19,-0.04344615922
200,-18,-0.0167029779
200,-17,0.01041519252
200,-16,0.03790023904
200,-15,0.06574233267
200,-14,0.09392987167
200,-13,0.1224494424
200,-12,0.1512857999
200,-11,0.1804218705
200,-10,0.2098387773
200,-9,0.2395158895
200,-8,0.2694308969
200,-7,0.2995599084
200,-6,0.3298775737
200,-5,0.3603572275
200,-4,0.3909710547
200,-3,0.4216902727
200,-2,0.4524853301
200,-1,0.4833261171
200,0,0.5141821851
200,1,0.5450229721
200,2,0.5758180295
200,3,0.6065372475
200,4,0.6371510747
200,5,0.6676307285
200,6,0.6979483938
200,7,0.7280774053
200,8,0.7579924128
200,9,0.7876695249
200,10,0.8170864317
200,11,0.8462225023
200,12,0.8750588598
200,13,0.9035784305
200,14,0.9317659695
200,15,0.9596080632
200,16,0.9870931097
200,17,1.01421128
200,18,1.040954461
200,19,1.067316185
200,20,1.093291541
200,21,1.118877086
200,22,1.144070742
200,23,1.168871685
200,24,1.193280246
200,25,1.217297793
200,26,1.24092663
200,27,1.264169891
200,28,1.28703144
200,29,1.309515775
200,30,1.331627941
210,-30,-0.3124182718
210,-29,-0.2899350472
210,-28,-0.2670739291
210,-27,-0.2438303525
210,-26,-0.2202003866
210,-25,-0.1961808298
210,-24,-0.1717693107
210,-23,-0.146964393
210,-22,-0.1217656837
210,-21,-0.09617394327
210,-20,-0.07019119514
210,-19,-0.04382083304
210,-18,-0.01706772386
210,-17,0.01006169684
210,-16,0.03755933919
210,-15,0.0654153859
210,-14,0.09361823462
210,-13,0.1221544579
210,-12,0.1510087836
210,-11,0.1801640965
210,-10,0.2096014646
210,-9,0.2393001884
210,-8,0.2692378759
210,-7,0.2993905416
210,-6,0.3297327297
210,-5,0.3602376594
210,-4,0.3908773911
210,-3,0.4216230103
210,-2,0.4524448279
210,-1,0.4833125921
210,0,0.5141957101
210,1,0.5450634743
210,2,0.5758852919
210,3,0.6066309111
210,4,0.6372706428
210,5,0.6677755725
210,6,0.6981177606
210,7,0.7282704263
210,8,0.7582081138
210,9,0.7879068376
210,10,0.8173442057
210,11,0.8464995186
210,12,0.8753538443
210,13,0.9038900676
210,14,0.9320929163
210,15,0.959948963
210,16,0.9874466054
210,17,1.014576026
210,18,1.041329135
210,19,1.067699497
210,20,1.093682245
210,21,1.119273986
210,22,1.144472695
210,23,1.169277613
210,24,1.193689132
210,25,1.217708689
210,26,1.241338655
210,27,1.264582231
210,28,1.287443349
210,29,1.309926574
210,30,1.332037014
220,-30,-0.3127482759
220,-29,-0.2902660861
220,-28,-0.2674054564
220,-27,-0.2441617679
220,-26,-0.2205310344
220,-25,-0.1965099982
220,-24,-0.1720962319
220,-23,-0.147288244
220,-22,-0.1220855882
220,-21,-0.09648897433
220,-20,-0.07050037923
220,-19,-0.04412315511
220,-18,-0.01736213358
220,-17,0.009776277707
220,-16,0.03728400834
220,-15,0.06515125113
220,-14,0.09336640361
220,-13,0.1219160274
220,-12,0.1507848282
220,-11,0.1799556572
220,-10,0.2094095373
220,-9,0.2391257128
220,-8,0.2690817246
220,-7,0.2992535104
220,-6,0.3296155281
220,-5,0.3601409023
220,-4,0.3908015917
220,-3,0.4215685741
220,-2,0.452412048
220,-1,0.4833016457
220,0,0.5142066565
220,1,0.5450962542
220,2,0.5759397281
220,3,0.6067067105
220,4,0.6373673999
220,5,0.6678927741
220,6,0.6982547918
220,7,0.7284265776
220,8,0.7583825895
220,9,0.7880987649
220,10,0.817552645
220,11,0.846723474
220,12,0.8755922748
220,13,0.9041418986
220,14,0.9323570511
220,15,0.9602242939
220,16,0.9877320245
220,17,1.014870436
220,18,1.041631457
220,19,1.068008681
220,20,1.093997277
220,21,1.11959389
220,22,1.144796546
220,23,1.169604534
220,24,1.1940183
220,25,1.218039337
220,26,1.24167007
220,27,1.264913759
220,28,1.287774388
220,29,1.310256578
220,30,1.332365489
230,-30,-0.3130137258
230,-29,-0.2905324743
230,-28,-0.2676723435
230,-27,-0.2444286704
230,-26,-0.2207974229
230,-25,-0.1967752973
230,-24,-0.1723598199
230,-23,-0.1475494535
230,-22,-0.1223437078
230,-21,-0.09674325079
230,-20,-0.0707500205
230,-19,-0.0443673347
230,-18,-0.01759999562
230,-17,0.009545612409
230,-16,0.03706143531
230,-15,0.06493767454
230,-14,0.0931627278
230,-13,0.1217231481
230,-12,0.1506036229
230,-11,0.1797869763
230,-10,0.2092541942
230,-9,0.2389844751
230,-8,0.2689553051
230,-7,0.2991425589
230,-6,0.3295206238
230,-5,0.3600625474
230,-4,0.390740205
230,-3,0.4215244868
230,-2,0.4523854991
230,-1,0.48329278
230,0,0.5142155222
230,1,0.5451228031
230,2,0.5759838155
230,3,0.6067680972
230,4,0.6374457548
230,5,0.6679876784
230,6,0.6983657433
230,7,0.7285529971
230,8,0.7585238271
230,9,0.788254108
230,10,0.8177213259
230,11,0.8469046793
230,12,0.8757851541
230,13,0.9043455744
230,14,0.9325706277
230,15,0.9604468669
230,16,0.9879626898
230,17,1.015108298
230,18,1.041875637
230,19,1.068258323
230,20,1.094251553
230,21,1.11985201
230,22,1.145057756
230,23,1.169868122
230,24,1.1942836
230,25,1.218305725
230,26,1.241936973
230,27,1.265180646
230,28,1.288040776
230,29,1.310522028
230,30,1.332629605
240,-30,-0.3132274694
240,-29,-0.2907470523
240,-28,-0.2678874023
240,-27,-0.2446438199
240,-26,-0.2210122357
240,-25,-0.196989308
240,-24,-0.1725725248
240,-23,-0.1477603114
240,-22,-0.1225521411
240,-21,-0.09694864703
240,-20,-0.07095173537
240,-19,-0.04456469522
240,-18,-0.01779230439
240,-17,0.009359072185
240,-16,0.03688139415
240,-15,0.06476487024
240,-14,0.09299789859
240,-13,0.1215670252
240,-12,0.150456923
240,-11,0.1796503937
240,-10,0.2091283932
240,-9,0.2388700824
240,-8,0.2688529027
240,-7,0.2990526773
240,-6,0.329443736
240,-5,0.359999063
240,-4,0.390690466
240,-3,0.4214887633
240,-2,0.4523639863
240,-1,0.4832855959
240,0,0.5142227063
240,1,0.5451443159
240,2,0.5760195389
240,3,0.6068178362
240,4,0.6375092392
240,5,0.6680645663
240,6,0.6984556249
240,7,0.7286553995
240,8,0.7586382198
240,9,0.788379909
240,10,0.8178579085
240,11,0.8470513792
240,12,0.875941277
240,13,0.9045104036
240,14,0.932743432
240,15,0.9606269081
240,16,0.98814923
240,17,1.015300607
240,18,1.042072997
240,19,1.068460038
240,20,1.094456949
240,21,1.120060443
240,22,1.145268614
240,23,1.170080827
240,24,1.19449761
240,25,1.218520538
240,26,1.242152122
240,27,1.265395705
240,28,1.288255354
240,29,1.310735772
240,30,1.332842195
250,-30,-0.3133997172
250,-29,-0.2909200311
250,-28,-0.2680608275
250,-27,-0.2448173768
250,-26,-0.2211855789
250,-25,-0.1971620608
250,-24,-0.1727442793
250,-23,-0.1479306286
250,-22,-0.1227205517
250,-21,-0.09711465347
250,-20,-0.07111481337
250,-19,-0.04472429685
250,-18,-0.0179478615
250,-17,0.009208143913
250,-16,0.03673569044
250,-15,0.06462499301
250,-14,0.09286445022
250,-13,0.1214406025
250,-12,0.150338111
250,-11,0.1795397592
250,-10,0.2090264784
250,-9,0.2387773989
250,-8,0.2687699256
250,-7,0.2989798395
250,-6,0.3293814234
250,-5,0.35994761
250,-4,0.3906501515
250,-3,0.4214598076
250,-2,0.4523465487
250,-1,0.4832797726
250,0,0.5142285296
250,1,0.5451617535
250,2,0.5760484946
250,3,0.6068581507
250,4,0.6375606922
250,5,0.6681268789
250,6,0.6985284627
250,7,0.7287383766
250,8,0.7587309033
250,9,0.7884818238
250,10,0.817968543
250,11,0.8471701912
250,12,0.8760676997
250,13,0.904643852
250,14,0.9328833092
250,15,0.9607726118
250,16,0.9883001583
250,17,1.015456164
250,18,1.042232599
250,19,1.068623116
250,20,1.094622956
250,21,1.120228854
250,22,1.145438931
250,23,1.170252581
250,24,1.194670363
250,25,1.218693881
250,26,1.242325679
250,27,1.26556913
250,28,1.288428333
250,29,1.310908019
250,30,1.333013456
260,-30,-0.3135386126
260,-29,-0.2910595598
260,-28,-0.2682007601
260,-27,-0.2449574593
260,-26,-0.2213255323
260,-25,-0.1973015802
260,-24,-0.172883034
260,-23,-0.1480682626
260,-22,-0.122856684
260,-21,-0.09724887946
260,-20,-0.07124670669
260,-19,-0.0448534115
260,-18,-0.01807373471
260,-17,0.009085988285
260,-16,0.03661773807
260,-15,0.06451173478
260,-14,0.09275637751
260,-13,0.1213382022
260,-12,0.1502418605
260,-11,0.179450121
260,-10,0.208943895
260,-9,0.2387022876
260,-8,0.2687026741
260,-7,0.298920801
260,-6,0.3293309126
260,-5,0.3599058997
260,-4,0.3906174692
260,-3,0.421436333
260,-2,0.4523324116
260,-1,0.4832750515
260,0,0.5142332507
260,1,0.5451758906
260,2,0.5760719692
260,3,0.606890833
260,4,0.6376024025
260,5,0.6681773896
260,6,0.6985875013
260,7,0.7288056281
260,8,0.7588060146
260,9,0.7885644072
260,10,0.8180581812
260,11,0.8472664417
260,12,0.8761701
260,13,0.9047519247
260,14,0.9329965674
260,15,0.9608905641
260,16,0.9884223139
260,17,1.015582037
260,18,1.042361714
260,19,1.068755009
260,20,1.094757182
260,21,1.120364986
260,22,1.145576565
260,23,1.170391336
260,24,1.194809882
260,25,1.218833834
260,26,1.242465762
260,27,1.265709062
260,28,1.288567862
260,29,1.311046915
260,30,1.333151512
270,-30,-0.3136506691
270,-29,-0.29117216
270,-28,-0.268313719
270,-27,-0.2450705719
270,-26,-0.2214385729
270,-25,-0.1974143022
270,-24,-0.1729951695
270,-23,-0.1481795225
270,-22,-0.1229667592
270,-21,-0.09735744119
270,-20,-0.07135340813
270,-19,-0.04495788971
270,-18,-0.0181756129
270,-17,0.008987098018
270,-16,0.03652223152
270,-15,0.06442001211
270,-14,0.0926688394
270,-13,0.1212552458
270,-12,0.150163875
270,-11,0.1793774837
270,-10,0.2088769668
270,-9,0.2386414091
270,-8,0.2686481612
270,-7,0.2988729418
270,-6,0.3292899639
270,-5,0.3598720837
270,-4,0.3905909715
270,-3,0.4214173
270,-2,0.4523209492
270,-1,0.4832712235
270,0,0.5142370787
270,1,0.5451873531
270,2,0.5760910022
270,3,0.6069173307
270,4,0.6376362185
270,5,0.6682183384
270,6,0.6986353604
270,7,0.728860141
270,8,0.7588668931
270,9,0.7886313354
270,10,0.8181308185
270,11,0.8473444272
270,12,0.8762530564
270,13,0.9048394628
270,14,0.9330882901
270,15,0.9609860707
270,16,0.9885212042
270,17,1.015683915
270,18,1.042466192
270,19,1.06886171
270,20,1.094865743
270,21,1.120475061
270,22,1.145687825
270,23,1.170503472
270,24,1.194922604
270,25,1.218946875
270,26,1.242578874
270,27,1.265822021
270,28,1.288680462
270,29,1.311158971
270,30,1.33326286
280,-30,-0.3137411081
280,-29,-0.2912630622
280,-28,-0.2684049353
280,-27,-0.2451619368
280,-26,-0.221529904
280,-25,-0.1975053997
280,-24,-0.1730858163
280,-23,-0.1482694845
280,-22,-0.1230557851
280,-21,-0.0974452639
280,-20,-0.07143974576
280,-19,-0.04504244699
280,-18,-0.01825808312
280,-17,0.008907030719
280,-16,0.03644488958
280,-15,0.0643457216
280,-14,0.09259792689
280,-13,0.121188035
280,-12,0.1501006834
280,-11,0.1793186187
280,-10,0.2088227227
280,-9,0.2385920635
280,-8,0.2686039717
280,-7,0.2988341433
280,-6,0.3292567656
280,-5,0.3598446669
280,-4,0.3905694872
280,-3,0.4214018677
280,-2,0.452311655
280,-1,0.4832681197
280,0,0.5142401825
280,1,0.5451966472
280,2,0.5761064346
280,3,0.606938815
280,4,0.6376636353
280,5,0.6682515366
280,6,0.6986741589
280,7,0.7289043305
280,8,0.7589162387
280,9,0.7886855795
280,10,0.8181896835
280,11,0.8474076188
280,12,0.8763202672
280,13,0.9049103753
280,14,0.9331625806
280,15,0.9610634126
280,16,0.9886012715
280,17,1.015766385
280,18,1.042550749
280,19,1.068948048
280,20,1.094953566
280,21,1.120564087
280,22,1.145777787
280,23,1.170594119
280,24,1.195013702
280,25,1.219038206
280,26,1.242670239
280,27,1.265913237
280,28,1.288771364
280,29,1.31124941
280,30,1.333352702
290,-30,-0.3138141225
290,-29,-0.2913364688
290,-28,-0.2684786139
290,-27,-0.2452357538
290,-26,-0.2216037118
290,-25,-0.1975790367
290,-24,-0.1731591066
290,-23,-0.148342238
290,-22,-0.1231277981
290,-21,-0.09751631947
290,-20,-0.07150961469
290,-19,-0.04511088915
290,-18,-0.01832484895
290,-17,0.00884219834
290,-16,0.0363822532
290,-15,0.06428554683
290,-14,0.09254047979
290,-13,0.1211335793
290,-12,0.1500494778
290,-11,0.1792709138
290,-10,0.2087787583
290,-9,0.2385520658
290,-8,0.2685681507
290,-7,0.2988026904
290,-6,0.3292298511
290,-5,0.3598224385
290,-4,0.3905520681
290,-3,0.421389355
290,-2,0.4523041191
290,-1,0.483265603
290,0,0.5142426992
290,1,0.5452041831
290,2,0.5761189472
290,3,0.6069562341
290,4,0.6376858637
290,5,0.6682784511
290,6,0.6987056119
290,7,0.7289401515
290,8,0.7589562364
290,9,0.7887295439
290,10,0.8182373884
290,11,0.8474588245
290,12,0.8763747229
290,13,0.9049678224
290,14,0.9332227554
290,15,0.961126049
290,16,0.9886661039
290,17,1.015833151
290,18,1.042619191
290,19,1.069017917
290,20,1.095024622
290,21,1.1206361
290,22,1.14585054
290,23,1.170667409
290,24,1.195087339
290,25,1.219112014
290,26,1.242744056
290,27,1.265986916
290,28,1.288844771
290,29,1.311322425
290,30,1.333425217
300,-30,-0.313873084
300,-29,-0.2913957607
300,-28,-0.2685381392
300,-27,-0.2452954046
300,-26,-0.2216633689
300,-25,-0.1976385691
300,-24,-0.173218372
300,-23,-0.1484010822
300,-22,-0.1231860557
300,-21,-0.09757381432
300,-20,-0.0715661606
300,-19,-0.04516629089
300,-18,-0.01837890353
300,-17,0.008789700125
300,-16,0.03633152507
300,-15,0.06423680502
300,-14,0.09249394097
300,-13,0.1210894583
300,-12,0.1500079853
300,-11,0.1792322539
300,-10,0.2087431265
300,-9,0.2385196462
300,-8,0.2685391145
300,-7,0.2987771932
300,-6,0.3292080319
300,-5,0.3598044175
300,-4,0.3905379456
300,-3,0.4213792102
300,-2,0.4522980092
300,-1,0.4832635625
300,0,0.5142447397
300,1,0.545210293
300,2,0.576129092
300,3,0.6069703566
300,4,0.6377038847
300,5,0.6683002703
300,6,0.698731109
300,7,0.7289691877
300,8,0.758988656
300,9,0.7887651757
300,10,0.8182760483
300,11,0.847500317
300,12,0.8764188439
300,13,0.9050143612
300,14,0.9332714972
300,15,0.9611767771
300,16,0.9887186021
300,17,1.015887206
300,18,1.042674593
300,19,1.069074463
300,20,1.095082117
300,21,1.120694358
300,22,1.145909384
300,23,1.170726674
300,24,1.195146871
300,25,1.219171671
300,26,1.242803707
300,27,1.266046441
300,28,1.288904063
300,29,1.311381386
300,30,1.333483761
310,-30,-0.3139207066
310,-29,-0.2914436605
310,-28,-0.2685862379
310,-27,-0.245343615
310,-26,-0.2217115945
310,-25,-0.1976867042
310,-24,-0.173266301
310,-23,-0.1484486802
310,-22,-0.1232331886
310,-21,-0.09762033902
310,-20,-0.07161192588
310,-19,-0.04521113808
310,-18,-0.01842266761
310,-17,0.008747189352
310,-16,0.03629044148
310,-15,0.06419732461
310,-14,0.0924562401
310,-13,0.1210537119
310,-12,0.1499743648
310,-11,0.1792009257
310,-10,0.2087142495
310,-9,0.2384933705
310,-8,0.2685155793
310,-7,0.2987565255
310,-6,0.3291903447
310,-5,0.3597898087
310,-4,0.3905264968
310,-3,0.4213709858
310,-2,0.4522930557
310,-1,0.4832619082
310,0,0.514246394
310,1,0.5452152465
310,2,0.5761373164
310,3,0.6069818054
310,4,0.6377184936
310,5,0.6683179575
310,6,0.6987517767
310,7,0.7289927229
310,8,0.7590149317
310,9,0.7887940527
310,10,0.8183073765
310,11,0.8475339374
310,12,0.8764545903
310,13,0.9050520621
310,14,0.9333109776
310,15,0.9612178607
310,16,0.9887611129
310,17,1.01593097
310,18,1.04271944
310,19,1.069120228
310,20,1.095128641
310,21,1.120741491
310,22,1.145956982
310,23,1.170774603
310,24,1.195195006
310,25,1.219219897
310,26,1.242851917
310,27,1.26609454
310,28,1.288951963
310,29,1.311429009
310,30,1.333531037
320,-30,-0.3139591772
320,-29,-0.2914823627
320,-28,-0.2686251085
320,-27,-0.2453825835
320,-26,-0.2217505831
320,-25,-0.1977256271
320,-24,-0.1733050647
320,-23,-0.1484871835
320,-22,-0.1232713227
320,-21,-0.09765798776
320,-20,-0.07164896646
320,-19,-0.0452474416
320,-18,-0.01845809993
320,-17,0.008712766603
320,-16,0.03625716972
320,-15,0.06416534702
320,-14,0.09242570018
320,-13,0.121024752
320,-12,0.1499471245
320,-11,0.1791755403
320,-10,0.2086908485
320,-9,0.2384720759
320,-8,0.2684965046
320,-7,0.2987397739
320,-6,0.3291760081
320,-5,0.3597779669
320,-4,0.3905172162
320,-3,0.4213643188
320,-2,0.4522890403
320,-1,0.4832605672
320,0,0.514247735
320,1,0.5452192619
320,2,0.5761439834
320,3,0.606991086
320,4,0.6377303353
320,5,0.6683322941
320,6,0.6987685283
320,7,0.7290117976
320,8,0.7590362263
320,9,0.7888174538
320,10,0.8183327619
320,11,0.8475611778
320,12,0.8764835502
320,13,0.905082602
320,14,0.9333429552
320,15,0.9612511325
320,16,0.9887955356
320,17,1.015966402
320,18,1.042755744
320,19,1.069157269
320,20,1.09516629
320,21,1.120779625
320,22,1.145995486
320,23,1.170813367
320,24,1.195233929
320,25,1.219258885
320,26,1.242890886
320,27,1.266133411
320,28,1.288990665
320,29,1.311467479
320,30,1.33356922
330,-30,-0.3139902586
330,-29,-0.2915136369
330,-28,-0.2686565246
330,-27,-0.2454140847
330,-26,-0.2217821062
330,-25,-0.1977571028
330,-24,-0.1733364173
330,-23,-0.148518331
330,-22,-0.1233021767
330,-21,-0.09768845417
330,-20,-0.07167894556
330,-19,-0.04527682868
330,-18,-0.018486786
330,-17,0.008684894
330,-16,0.03623022557
330,-15,0.06413944775
330,-14,0.0924009625
330,-13,0.1210012917
330,-12,0.1499250551
330,-11,0.1791549719
330,-10,0.2086718865
330,-9,0.2384548197
330,-8,0.2684810463
330,-7,0.2987261975
330,-6,0.3291643886
330,-5,0.359768369
330,-4,0.3905096939
330,-3,0.4213589149
330,-2,0.4522857855
330,-1,0.4832594802
330,0,0.514248822
330,1,0.5452225167
330,2,0.5761493873
330,3,0.6069986083
330,4,0.6377399332
330,5,0.6683439136
330,6,0.6987821047
330,7,0.7290272559
330,8,0.7590534825
330,9,0.7888364157
330,10,0.8183533303
330,11,0.8475832471
330,12,0.8765070105
330,13,0.9051073397
330,14,0.9333688545
330,15,0.9612780766
330,16,0.9888234082
330,17,1.015995088
330,18,1.042785131
330,19,1.069187248
330,20,1.095196756
330,21,1.120810479
330,22,1.146026633
330,23,1.170844719
330,24,1.195265405
330,25,1.219290408
330,26,1.242922387
330,27,1.266164827
330,28,1.289021939
330,29,1.311498561
330,30,1.333600063
340,-30,-0.3140153728
340,-29,-0.2915389112
340,-28,-0.268681918
340,-27,-0.2454395511
340,-26,-0.2218075947
340,-25,-0.1977825573
340,-24,-0.1733617764
340,-23,-0.1485435283
340,-22,-0.1233271406
340,-21,-0.09771310834
340,-20,-0.07170320902
340,-19,-0.04530061643
340,-18,-0.0185100095
340,-17,0.008662326127
340,-16,0.03620840677
340,-15,0.06411847267
340,-14,0.09238092604
340,-13,0.120982288
340,-12,0.1499071765
340,-11,0.179138308
340,-10,0.2086565229
340,-9,0.2384408373
340,-8,0.26846852
340,-7,0.2987151957
340,-6,0.3291549722
340,-5,0.3597605906
340,-4,0.3905035976
340,-3,0.4213545353
340,-2,0.4522831476
340,-1,0.4832585992
340,0,0.514249703
340,1,0.5452251546
340,2,0.5761537669
340,3,0.6070047046
340,4,0.6377477116
340,5,0.66835333
340,6,0.6987931065
340,7,0.7290397822
340,8,0.7590674649
340,9,0.7888517793
340,10,0.8183699942
340,11,0.8476011257
340,12,0.8765260142
340,13,0.9051273762
340,14,0.9333898295
340,15,0.9612998954
340,16,0.9888459761
340,17,1.016018312
340,18,1.042808919
340,19,1.069211511
340,20,1.095221411
340,21,1.120835443
340,22,1.14605183
340,23,1.170870079
340,24,1.195290859
340,25,1.219315897
340,26,1.242947853
340,27,1.26619022
340,28,1.289047213
340,29,1.311523675
340,30,1.333624981
350,-30,-0.3140356674
350,-29,-0.2915593384
350,-28,-0.2687024446
350,-27,-0.24546014
350,-26,-0.2218282047
350,-25,-0.197803143
350,-24,-0.1733822883
350,-23,-0.1485639124
350,-22,-0.1233473389
350,-21,-0.09773305887
350,-20,-0.07172284613
350,-19,-0.04531987111
350,-18,-0.01852880987
350,-17,0.008644054284
350,-16,0.03619073938
350,-15,0.06410148665
350,-14,0.09236469851
350,-13,0.1209668955
350,-12,0.1498926942
350,-11,0.1791248086
350,-10,0.208644076
350,-9,0.2384295086
350,-8,0.2684583706
350,-7,0.2987062811
350,-6,0.3291473419
350,-5,0.3597542874
350,-4,0.3904986573
350,-3,0.4213509861
350,-2,0.4522810099
350,-1,0.4832578852
350,0,0.514250417
350,1,0.5452272923
350,2,0.5761573161
350,3,0.6070096449
350,4,0.6377540148
350,5,0.6683609603
350,6,0.6988020211
350,7,0.7290499316
350,8,0.7590787936
350,9,0.7888642262
350,10,0.8183834937
350,11,0.8476156081
350,12,0.8765414067
350,13,0.9051436037
350,14,0.9334068156
350,15,0.9613175628
350,16,0.9888642479
350,17,1.016037112
350,18,1.042828173
350,19,1.069231148
350,20,1.095241361
350,21,1.120855641
350,22,1.146072215
350,23,1.17089059
350,24,1.195311445
350,25,1.219336507
350,26,1.242968442
350,27,1.266210747
350,28,1.289067641
350,29,1.31154397
350,30,1.333645113
360,-30,-0.3140520684
360,-29,-0.2915758491
360,-28,-0.2687190381
360,-27,-0.2454767864
360,-26,-0.2218448706
360,-25,-0.1978197917
360,-24,-0.1733988796
360,-23,-0.1485804026
360,-22,-0.1233636811
360,-21,-0.09774920283
360,-20,-0.07173873855
360,-19,-0.045335456
360,-18,-0.01854402887
360,-17,0.008629261449
360,-16,0.03617643437
360,-15,0.06408773194
360,-14,0.09235155679
360,-13,0.1209544289
360,-12,0.1498809638
360,-11,0.1791138735
360,-10,0.2086339929
360,-9,0.2384203309
360,-8,0.2684501478
360,-7,0.2986990585
360,-6,0.3291411595
360,-5,0.3597491802
360,-4,0.3904946543
360,-3,0.4213481102
360,-2,0.4522792777
360,-1,0.4832573067
360,0,0.5142509955
360,1,0.5452290245
360,2,0.576160192
360,3,0.6070136479
360,4,0.637759122
360,5,0.6683671427
360,6,0.6988092438
360,7,0.7290581544
360,8,0.7590879713
360,9,0.7888743093
360,10,0.8183944287
360,11,0.8476273384
360,12,0.8765538733
360,13,0.9051567454
360,14,0.9334205703
360,15,0.9613318678
360,16,0.9888790408
360,17,1.016052331
360,18,1.042843758
360,19,1.069247041
360,20,1.095257505
360,21,1.120871983
360,22,1.146088705
360,23,1.170907182
360,24,1.195328094
360,25,1.219353173
360,26,1.242985089
360,27,1.26622734
360,28,1.289084151
360,29,1.311560371
360,30,1.333661381
370,-30,-0.3140653239
370,-29,-0.291589195
370,-28,-0.2687324528
370,-27,-0.2454902456
370,-26,-0.2218583475
370,-25,-0.1978332565
370,-24,-0.1734122998
370,-23,-0.1485937429
370,-22,-0.1233769033
370,-21,-0.09776226626
370,-20,-0.0717516
370,-19,-0.04534807005
370,-18,-0.01855634816
370,-17,0.008617285841
370,-16,0.03616485252
370,-15,0.06407659458
370,-14,0.09234091482
370,-13,0.1209443329
370,-12,0.1498714632
370,-11,0.1791050165
370,-10,0.2086258255
370,-9,0.2384128964
370,-8,0.2684434866
370,-7,0.2986932072
370,-6,0.3291361508
370,-5,0.3597450425
370,-4,0.3904914111
370,-3,0.4213457801
370,-2,0.4522778742
370,-1,0.483256838
370,0,0.5142514642
370,1,0.545230428
370,2,0.5761625221
370,3,0.6070168911
370,4,0.6377632597
370,5,0.6683721514
370,6,0.698815095
370,7,0.7290648156
370,8,0.7590954058
370,9,0.7888824767
370,10,0.8184032857
370,11,0.847636839
370,12,0.8765639693
370,13,0.9051673874
370,14,0.9334317076
370,15,0.9613434497
370,16,0.9888910164
370,17,1.01606465
370,18,1.042856372
370,19,1.069259902
370,20,1.095270568
370,21,1.120885206
370,22,1.146102045
370,23,1.170920602
370,24,1.195341559
370,25,1.21936665
370,26,1.242998548
370,27,1.266240755
370,28,1.289097497
370,29,1.311573626
370,30,1.333674527
380,-30,-0.3140760377
380,-29,-0.2915999832
380,-28,-0.268743298
380,-27,-0.2455011283
380,-26,-0.2218692458
380,-25,-0.1978441464
380,-24,-0.173423155
380,-23,-0.1486045347
380,-22,-0.123387601
380,-21,-0.09777283672
380,-20,-0.07176200823
380,-19,-0.04535827919
380,-18,-0.01856631978
380,-17,0.008607591434
380,-16,0.03615547597
380,-15,0.0640675771
380,-14,0.09233229773
380,-13,0.1209361572
380,-12,0.1498637692
380,-11,0.1790978433
380,-10,0.2086192104
380,-9,0.2384068746
380,-8,0.2684380909
380,-7,0.2986884673
380,-6,0.3291320934
380,-5,0.3597416905
380,-4,0.3904887837
380,-3,0.4213438925
380,-2,0.4522767372
380,-1,0.4832564582
380,0,0.514251844
380,1,0.545231565
380,2,0.5761644097
380,3,0.6070195185
380,4,0.6377666117
380,5,0.6683762088
380,6,0.6988198349
380,7,0.7290702114
380,8,0.7591014276
380,9,0.7888890919
380,10,0.8184104589
380,11,0.847644533
380,12,0.876572145
380,13,0.9051760045
380,14,0.9334407251
380,15,0.9613528262
380,16,0.9889007108
380,17,1.016074622
380,18,1.042866581
380,19,1.06927031
380,20,1.095281139
380,21,1.120895903
380,22,1.146112837
380,23,1.170931457
380,24,1.195352449
380,25,1.219377548
380,26,1.243009431
380,27,1.2662516
380,28,1.289108285
380,29,1.31158434
380,30,1.333685151
390,-30,-0.3140846977
390,-29,-0.2916087044
390,-28,-0.2687520663
390,-27,-0.2455099279
390,-26,-0.2218780591
390,-25,-0.197852954
390,-24,-0.1734319355
390,-23,-0.148613265
390,-22,-0.1233962561
390,-21,-0.09778138978
390,-20,-0.07177043091
390,-19,-0.04536654161
390,-18,-0.01857439078
390,-17,0.00859974408
390,-16,0.03614788524
390,-15,0.06406027643
390,-14,0.09232532069
390,-13,0.1209295371
390,-12,0.1498575388
390,-11,0.1790920341
390,-10,0.2086138529
390,-9,0.2384019975
390,-8,0.2684337206
390,-7,0.2986846281
390,-6,0.3291288069
390,-5,0.3597389753
390,-4,0.3904866554
390,-3,0.4213423633
390,-2,0.4522758162
390,-1,0.4832561506
390,0,0.5142521516
390,1,0.545232486
390,2,0.5761659389
390,3,0.6070216468
390,4,0.6377693269
390,5,0.6683794953
390,6,0.6988236741
390,7,0.7290745816
390,8,0.7591063047
390,9,0.7888944493
390,10,0.8184162681
390,11,0.8476507634
390,12,0.8765787651
390,13,0.9051829815
390,14,0.9334480258
390,15,0.961360417
390,16,0.9889085581
390,17,1.016082693
390,18,1.042874844
390,19,1.069278733
390,20,1.095289692
390,21,1.120904558
390,22,1.146121567
390,23,1.170940238
390,24,1.195361256
390,25,1.219386361
390,26,1.24301823
390,27,1.266260369
390,28,1.289117007
390,29,1.311593
390,30,1.333693737
400,-30,-0.314091698
400,-29,-0.2916157549
400,-28,-0.2687591557
400,-27,-0.2455170434
400,-26,-0.2218851864
400,-25,-0.1978600774
400,-24,-0.1734390378
400,-23,-0.1486203275
400,-22,-0.1234032584
400,-21,-0.09778831032
400,-20,-0.07177724663
400,-19,-0.0453732283
400,-18,-0.01858092315
400,-17,0.008593392163
400,-16,0.03614174053
400,-15,0.06405436607
400,-14,0.0923196719
400,-13,0.1209241769
400,-12,0.1498524938
400,-11,0.17908733
400,-10,0.2086095143
400,-9,0.2383980477
400,-8,0.2684301811
400,-7,0.2986815187
400,-6,0.329126145
400,-5,0.3597367761
400,-4,0.3904849315
400,-3,0.4213411248
400,-2,0.4522750701
400,-1,0.4832559015
400,0,0.5142524007
400,1,0.5452332321
400,2,0.5761671774
400,3,0.6070233707
400,4,0.6377715261
400,5,0.6683821572
400,6,0.6988267835
400,7,0.7290781211
400,8,0.7591102545
400,9,0.7888987879
400,10,0.8184209722
400,11,0.8476558085
400,12,0.8765841253
400,13,0.9051886303
400,14,0.9334539361
400,15,0.9613665617
400,16,0.98891491
400,17,1.016089225
400,18,1.042881531
400,19,1.069285549
400,20,1.095296613
400,21,1.120911561
400,22,1.14612863
400,23,1.17094734
400,24,1.19536838
400,25,1.219393489
400,26,1.243025346
400,27,1.266267458
400,28,1.289124057
400,29,1.3116
400,30,1.333700677
410,-30,-0.3140973568
410,-29,-0.291621455
410,-28,-0.2687648877
410,-27,-0.2455227971
410,-26,-0.2218909503
410,-25,-0.1978658388
410,-24,-0.1734447827
410,-23,-0.1486260407
410,-22,-0.1234089235
410,-21,-0.09779390981
410,-20,-0.07178276184
410,-19,-0.04537863957
410,-18,-0.01858621
410,-17,0.008588250931
410,-16,0.03613676663
410,-15,0.06404958151
410,-14,0.09231509878
410,-13,0.1209198372
410,-12,0.1498484089
410,-11,0.179083521
410,-10,0.2086060011
410,-9,0.2383948492
410,-8,0.2684273148
410,-7,0.2986790005
410,-6,0.3291239892
410,-5,0.359734995
410,-4,0.3904835353
410,-3,0.4213401217
410,-2,0.4522744659
410,-1,0.4832556997
410,0,0.5142526026
410,1,0.5452338363
410,2,0.5761681805
410,3,0.6070247669
410,4,0.6377733072
410,5,0.668384313
410,6,0.6988293017
410,7,0.7290809874
410,8,0.759113453
410,9,0.7889023011
410,10,0.8184247812
410,11,0.8476598933
410,12,0.876588465
410,13,0.9051932034
410,14,0.9334587207
410,15,0.9613715356
410,16,0.9889200513
410,17,1.016094512
410,18,1.042886942
410,19,1.069291064
410,20,1.095302212
410,21,1.120917226
410,22,1.146134343
410,23,1.170953085
410,24,1.195374141
410,25,1.219399253
410,26,1.243031099
410,27,1.26627319
410,28,1.289129757
410,29,1.311605659
410,30,1.333706287
420,-30,-0.3141019315
420,-29,-0.2916260634
420,-28,-0.2687695225
420,-27,-0.2455274498
420,-26,-0.2218956118
420,-25,-0.1978704986
420,-24,-0.1734494296
420,-23,-0.1486306624
420,-22,-0.1234135068
420,-21,-0.09779844036
420,-20,-0.07178722457
420,-19,-0.04538301858
420,-18,-0.01859048866
420,-17,0.008584089793
420,-16,0.03613274062
420,-15,0.06404570849
420,-14,0.09231139668
420,-13,0.1209163238
420,-12,0.1498451018
420,-11,0.179080437
420,-10,0.2086031565
420,-9,0.2383922592
420,-8,0.2684249938
420,-7,0.2986769614
420,-6,0.3291222434
420,-5,0.3597335526
420,-4,0.3904824046
420,-3,0.4213393093
420,-2,0.4522739766
420,-1,0.4832555362
420,0,0.514252766
420,1,0.5452343256
420,2,0.5761689929
420,3,0.6070258976
420,4,0.6377747496
420,5,0.6683860588
420,6,0.6988313408
420,7,0.7290833084
420,8,0.759116043
420,9,0.7889051457
420,10,0.8184278652
420,11,0.8476632005
420,12,0.8765919784
420,13,0.9051969055
420,14,0.9334625937
420,15,0.9613755616
420,16,0.9889242124
420,17,1.016098791
420,18,1.042891321
420,19,1.069295527
420,20,1.095306743
420,21,1.120921809
420,22,1.146138965
420,23,1.170957732
420,24,1.195378801
420,25,1.219403914
420,26,1.243035752
420,27,1.266277825
420,28,1.289134366
420,29,1.311610234
420,30,1.333710821
430,-30,-0.3141056299
430,-29,-0.2916297894
430,-28,-0.2687732701
430,-27,-0.2455312123
430,-26,-0.2218993816
430,-25,-0.1978742675
430,-24,-0.1734531884
430,-23,-0.1486344011
430,-22,-0.1234172147
430,-21,-0.09780210596
430,-20,-0.0717908356
430,-19,-0.04538656214
430,-18,-0.01859395129
430,-17,0.008580722036
430,-16,0.03612948201
430,-15,0.0640425735
430,-14,0.09230839986
430,-13,0.1209134796
430,-12,0.1498424243
430,-11,0.1790779401
430,-10,0.2086008533
430,-9,0.2383901622
430,-8,0.2684231144
430,-7,0.2986753102
430,-6,0.3291208298
430,-5,0.3597323846
430,-4,0.390481489
430,-3,0.4213386514
430,-2,0.4522735803
430,-1,0.4832554039
430,0,0.5142528983
430,1,0.5452347219
430,2,0.5761696508
430,3,0.6070268132
430,4,0.6377759176
430,5,0.6683874725
430,6,0.6988329921
430,7,0.7290851878
430,8,0.7591181401
430,9,0.7889074489
430,10,0.8184303621
430,11,0.8476658779
430,12,0.8765948226
430,13,0.9051999024
430,14,0.9334657287
430,15,0.9613788202
430,16,0.9889275802
430,17,1.016102253
430,18,1.042894864
430,19,1.069299138
430,20,1.095310408
430,21,1.120925517
430,22,1.146142703
430,23,1.170961491
430,24,1.19538257
430,25,1.219407684
430,26,1.243039515
430,27,1.266281572
430,28,1.289138092
430,29,1.311613932
430,30,1.333714487
440,-30,-0.31410862
440,-29,-0.2916328021
440,-28,-0.2687763005
440,-27,-0.245534255
440,-26,-0.2219024304
440,-25,-0.1978773158
440,-24,-0.1734562288
440,-23,-0.1486374256
440,-22,-0.1234202144
440,-21,-0.0978050717
440,-20,-0.07179375741
440,-19,-0.04538942957
440,-18,-0.01859675343
440,-17,0.008577996481
440,-16,0.03612684461
440,-15,0.06404003601
440,-14,0.09230597406
440,-13,0.1209111772
440,-12,0.1498402568
440,-11,0.1790759187
440,-10,0.2085989886
440,-9,0.2383884643
440,-8,0.2684215927
440,-7,0.2986739732
440,-6,0.3291196851
440,-5,0.3597314388
440,-4,0.3904807476
440,-3,0.4213381187
440,-2,0.4522732594
440,-1,0.4832552967
440,0,0.5142530055
440,1,0.5452350428
440,2,0.5761701835
440,3,0.6070275546
440,4,0.6377768634
440,5,0.6683886171
440,6,0.698834329
440,7,0.7290867095
440,8,0.7591198379
440,9,0.7889093136
440,10,0.8184323835
440,11,0.8476680454
440,12,0.876597125
440,13,0.9052023282
440,14,0.9334682662
440,15,0.9613814576
440,16,0.9889303057
440,17,1.016105056
440,18,1.042897732
440,19,1.06930206
440,20,1.095313374
440,21,1.120928517
440,22,1.146145728
440,23,1.170964531
440,24,1.195385618
440,25,1.219410733
440,26,1.243042557
440,27,1.266284603
440,28,1.289141104
440,29,1.311616922
440,30,1.33371745
450,-30,-0.3141110375
450,-29,-0.291635238
450,-28,-0.2687787509
450,-27,-0.2455367155
450,-26,-0.2219048962
450,-25,-0.1978797814
450,-24,-0.1734586881
450,-23,-0.1486398721
450,-22,-0.1234226413
450,-21,-0.09780747117
450,-20,-0.07179612151
450,-19,-0.04539174984
450,-18,-0.01859902101
450,-17,0.008575790734
450,-16,0.03612471008
450,-15,0.06403798221
450,-14,0.09230401056
450,-13,0.1209093135
450,-12,0.1498385023
450,-11,0.1790742823
450,-10,0.208597479
450,-9,0.2383870897
450,-8,0.2684203607
450,-7,0.2986728907
450,-6,0.3291187583
450,-5,0.359730673
450,-4,0.3904801473
450,-3,0.4213376874
450,-2,0.4522729996
450,-1,0.4832552099
450,0,0.5142530923
450,1,0.5452353026
450,2,0.5761706149
450,3,0.6070281549
450,4,0.6377776292
450,5,0.6683895439
450,6,0.6988354115
450,7,0.7290879415
450,8,0.7591212125
450,9,0.7889108232
450,10,0.8184340199
450,11,0.8476698
450,12,0.8765989887
450,13,0.9052042917
450,14,0.93347032
450,15,0.9613835921
450,16,0.9889325115
450,17,1.016107323
450,18,1.042900052
450,19,1.069304424
450,20,1.095315773
450,21,1.120930943
450,22,1.146148174
450,23,1.17096699
450,24,1.195388084
450,25,1.219413198
450,26,1.243045018
450,27,1.266287053
450,28,1.28914354
450,29,1.31161934
450,30,1.333719846
460,-30,-0.3141129922
460,-29,-0.2916372077
460,-28,-0.2687807325
460,-27,-0.2455387054
460,-26,-0.2219068905
460,-25,-0.1978817756
460,-24,-0.1734606774
460,-23,-0.1486418513
460,-22,-0.1234246045
460,-21,-0.09780941248
460,-20,-0.07179803433
460,-19,-0.04539362731
460,-18,-0.01860085597
460,-17,0.008574005707
460,-16,0.03612298259
460,-15,0.06403631997
460,-14,0.09230242131
460,-13,0.1209078049
460,-12,0.149837082
460,-11,0.1790729576
460,-10,0.208596257
460,-9,0.2383859769
460,-8,0.2684193634
460,-7,0.2986720144
460,-6,0.329118008
460,-5,0.359730053
460,-4,0.3904796613
460,-3,0.4213373381
460,-2,0.4522727892
460,-1,0.4832551397
460,0,0.5142531626
460,1,0.545235513
460,2,0.5761709641
460,3,0.6070286409
460,4,0.6377782492
460,5,0.6683902942
460,6,0.6988362878
460,7,0.7290889388
460,8,0.7591223253
460,9,0.7889120452
460,10,0.8184353446
460,11,0.8476712202
460,12,0.8766004973
460,13,0.9052058809
460,14,0.9334719822
460,15,0.9613853196
460,16,0.9889342965
460,17,1.016109158
460,18,1.04290193
460,19,1.069306337
460,20,1.095317715
460,21,1.120932907
460,22,1.146150154
460,23,1.17096898
460,24,1.195390078
460,25,1.219415193
460,26,1.243047008
460,27,1.266289035
460,28,1.28914551
460,29,1.311621294
460,30,1.333721782
470,-30,-0.3141145726
470,-29,-0.2916388004
470,-28,-0.268782335
470,-27,-0.2455403147
470,-26,-0.2219085034
470,-25,-0.1978833886
470,-24,-0.1734622866
470,-23,-0.1486434523
470,-22,-0.1234261928
470,-21,-0.09781098309
470,-20,-0.071799582
470,-19,-0.04539514646
470,-18,-0.01860234081
470,-17,0.008572561187
470,-16,0.03612158455
470,-15,0.06403497467
470,-14,0.09230113504
470,-13,0.1209065839
470,-12,0.1498359324
470,-11,0.1790718853
470,-10,0.2085952677
470,-9,0.2383850761
470,-8,0.2684185559
470,-7,0.2986713049
470,-6,0.3291174005
470,-5,0.3597295511
470,-4,0.3904792678
470,-3,0.4213370554
470,-2,0.4522726189
470,-1,0.4832550828
470,0,0.5142532194
470,1,0.5452356833
470,2,0.5761712468
470,3,0.6070290344
470,4,0.6377787511
470,5,0.6683909017
470,6,0.6988369973
470,7,0.7290897463
470,8,0.7591232261
470,9,0.7889130345
470,10,0.8184364169
470,11,0.8476723699
470,12,0.8766017183
470,13,0.9052071672
470,14,0.9334733275
470,15,0.9613867177
470,16,0.988935741
470,17,1.016110643
470,18,1.042903449
470,19,1.069307884
470,20,1.095319285
470,21,1.120934495
470,22,1.146151755
470,23,1.170970589
470,24,1.195391691
470,25,1.219416806
470,26,1.243048617
470,27,1.266290637
470,28,1.289147103
470,29,1.311622875
470,30,1.333723348
480,-30,-0.3141158506
480,-29,-0.2916400884
480,-28,-0.2687836308
480,-27,-0.2455416162
480,-26,-0.2219098079
480,-25,-0.1978846932
480,-24,-0.1734635882
480,-23,-0.1486447475
480,-22,-0.1234274778
480,-21,-0.09781225379
480,-20,-0.0718008342
480,-19,-0.04539637567
480,-18,-0.01860354232
480,-17,0.008571392245
480,-16,0.03612045317
480,-15,0.06403388591
480,-14,0.092300094
480,-13,0.1209055957
480,-12,0.1498350018
480,-11,0.1790710174
480,-10,0.208594467
480,-9,0.2383843469
480,-8,0.2684179023
480,-7,0.2986707306
480,-6,0.3291169088
480,-5,0.3597291448
480,-4,0.3904789492
480,-3,0.4213368265
480,-2,0.452272481
480,-1,0.4832550367
480,0,0.5142532655
480,1,0.5452358212
480,2,0.5761714757
480,3,0.607029353
480,4,0.6377791575
480,5,0.6683913934
480,6,0.6988375716
480,7,0.7290903999
480,8,0.7591239553
480,9,0.7889138352
480,10,0.8184372848
480,11,0.8476733004
480,12,0.8766027065
480,13,0.9052082082
480,14,0.9334744163
480,15,0.961387849
480,16,0.98893691
480,17,1.016111845
480,18,1.042904678
480,19,1.069309136
480,20,1.095320556
480,21,1.12093578
480,22,1.14615305
480,23,1.17097189
480,24,1.195392995
480,25,1.21941811
480,26,1.243049918
480,27,1.266291933
480,28,1.289148391
480,29,1.311624153
480,30,1.333724614
490,-30,-0.314116884
490,-29,-0.2916411299
490,-28,-0.2687846788
490,-27,-0.2455426688
490,-26,-0.221910863
490,-25,-0.1978857485
490,-24,-0.1734646411
490,-23,-0.1486457952
490,-22,-0.1234285173
490,-21,-0.09781328183
490,-20,-0.07180184733
490,-19,-0.04539737025
490,-18,-0.01860451454
490,-17,0.008570446326
490,-16,0.0361195376
490,-15,0.0640330048
490,-14,0.09229925147
490,-13,0.1209047958
490,-12,0.1498342487
490,-11,0.1790703148
490,-10,0.2085938188
490,-9,0.2383837566
490,-8,0.2684173733
490,-7,0.2986702657
490,-6,0.3291165107
490,-5,0.3597288158
490,-4,0.3904786914
490,-3,0.4213366412
490,-2,0.4522723694
490,-1,0.4832549994
490,0,0.5142533028
490,1,0.5452359328
490,2,0.576171661
490,3,0.6070296109
490,4,0.6377794864
490,5,0.6683917915
490,6,0.6988380365
490,7,0.729090929
490,8,0.7591245456
490,9,0.7889144834
490,10,0.8184379874
490,11,0.8476740535
490,12,0.8766035064
490,13,0.9052090507
490,14,0.9334752974
490,15,0.9613887646
490,16,0.9889378559
490,17,1.016112817
490,18,1.042905672
490,19,1.06931015
490,20,1.095321584
490,21,1.120936819
490,22,1.146154097
490,23,1.170972943
490,24,1.195394051
490,25,1.219419165
490,26,1.243050971
490,27,1.266292981
490,28,1.289149432
490,29,1.311625186
490,30,1.333725638
500,-30,-0.3141177196
500,-29,-0.2916419721
500,-28,-0.2687855264
500,-27,-0.2455435202
500,-26,-0.2219117164
500,-25,-0.1978866021
500,-24,-0.1734654928
500,-23,-0.1486466427
500,-22,-0.1234293582
500,-21,-0.09781411356
500,-20,-0.07180266704
500,-19,-0.04539817499
500,-18,-0.01860530122
500,-17,0.008569680892
500,-16,0.03611879669
500,-15,0.06403229175
500,-14,0.09229856961
500,-13,0.1209041485
500,-12,0.1498336391
500,-11,0.1790697462
500,-10,0.2085932942
500,-9,0.2383832789
500,-8,0.268416945
500,-7,0.2986698893
500,-6,0.3291161884
500,-5,0.3597285495
500,-4,0.3904784826
500,-3,0.4213364912
500,-2,0.452272279
500,-1,0.4832549693
500,0,0.5142533329
500,1,0.5452360232
500,2,0.576171811
500,3,0.6070298196
500,4,0.6377797527
500,5,0.6683921138
500,6,0.6988384129
500,7,0.7290913572
500,8,0.7591250233
500,9,0.788915008
500,10,0.818438556
500,11,0.8476746631
500,12,0.8766041537
500,13,0.9052097326
500,14,0.9334760105
500,15,0.9613895055
500,16,0.9889386213
500,17,1.016113603
500,18,1.042906477
500,19,1.069310969
500,20,1.095322416
500,21,1.12093766
500,22,1.146154945
500,23,1.170973795
500,24,1.195394904
500,25,1.219420019
500,26,1.243051822
500,27,1.266293829
500,28,1.289150274
500,29,1.311626022
500,30,1.333726466
510,-30,-0.3141183953
510,-29,-0.2916426533
510,-28,-0.2687862118
510,-27,-0.2455442087
510,-26,-0.2219124067
510,-25,-0.1978872925
510,-24,-0.1734661817
510,-23,-0.1486473283
510,-22,-0.1234300385
510,-21,-0.09781478646
510,-20,-0.07180333025
510,-19,-0.04539882611
510,-18,-0.01860593777
510,-17,0.008569061514
510,-16,0.03611819713
510,-15,0.0640317147
510,-14,0.09229801779
510,-13,0.1209036246
510,-12,0.1498331458
510,-11,0.179069286
510,-10,0.2085928696
510,-9,0.2383828922
510,-8,0.2684165984
510,-7,0.2986695847
510,-6,0.3291159276
510,-5,0.359728334
510,-4,0.3904783136
510,-3,0.4213363698
510,-2,0.4522722059
510,-1,0.4832549448
510,0,0.5142533574
510,1,0.5452360963
510,2,0.5761719324
510,3,0.6070299886
510,4,0.6377799682
510,5,0.6683923746
510,6,0.6988387175
510,7,0.7290917039
510,8,0.75912541
510,9,0.7889154326
510,10,0.8184390162
510,11,0.8476751564
510,12,0.8766046776
510,13,0.9052102844
510,14,0.9334765875
510,15,0.9613901051
510,16,0.9889392407
510,17,1.01611424
510,18,1.042907128
510,19,1.069311632
510,20,1.095323089
510,21,1.120938341
510,22,1.146155631
510,23,1.170974484
510,24,1.195395595
510,25,1.219420709
510,26,1.243052511
510,27,1.266294514
510,28,1.289150956
510,29,1.311626698
510,30,1.333727135
520,-30,-0.3141189418
520,-29,-0.2916432042
520,-28,-0.2687867662
520,-27,-0.2455447656
520,-26,-0.221912965
520,-25,-0.197887851
520,-24,-0.173466739
520,-23,-0.148647883
520,-22,-0.1234305889
520,-21,-0.09781533086
520,-20,-0.07180386683
520,-19,-0.04539935294
520,-18,-0.01860645282
520,-17,0.008568560329
520,-16,0.03611771197
520,-15,0.06403124774
520,-14,0.09229757123
520,-13,0.1209032006
520,-12,0.1498327465
520,-11,0.1790689136
520,-10,0.2085925259
520,-9,0.2383825792
520,-8,0.2684163178
520,-7,0.2986693382
520,-6,0.3291157165
520,-5,0.3597281595
520,-4,0.3904781768
520,-3,0.4213362715
520,-2,0.4522721467
520,-1,0.4832549251
520,0,0.5142533772
520,1,0.5452361555
520,2,0.5761720307
520,3,0.6070301254
520,4,0.6377801427
520,5,0.6683925857
520,6,0.698838964
520,7,0.7290919844
520,8,0.759125723
520,9,0.7889157763
520,10,0.8184393886
520,11,0.8476755557
520,12,0.8766051016
520,13,0.905210731
520,14,0.9334770545
520,15,0.9613905902
520,16,0.9889397419
520,17,1.016114755
520,18,1.042907655
520,19,1.069312169
520,20,1.095323633
520,21,1.120938891
520,22,1.146156185
520,23,1.170975041
520,24,1.195396153
520,25,1.219421267
520,26,1.243053068
520,27,1.266295068
520,28,1.289151506
520,29,1.311627244
520,30,1.333727677
530,-30,-0.3141193838
530,-29,-0.2916436497
530,-28,-0.2687872146
530,-27,-0.245545216
530,-26,-0.2219134165
530,-25,-0.1978883027
530,-24,-0.1734671899
530,-23,-0.1486483317
530,-22,-0.1234310342
530,-21,-0.09781577129
530,-20,-0.07180430096
530,-19,-0.0453997792
530,-18,-0.01860686957
530,-17,0.008568154786
530,-16,0.03611731937
530,-15,0.06403086986
530,-14,0.09229720984
530,-13,0.1209028575
530,-12,0.1498324234
530,-11,0.1790686121
530,-10,0.2085922478
530,-9,0.2383823258
530,-8,0.2684160907
530,-7,0.2986691386
530,-6,0.3291155456
530,-5,0.3597280183
530,-4,0.3904780661
530,-3,0.4213361919
530,-2,0.4522720988
530,-1,0.483254909
530,0,0.5142533932
530,1,0.5452362035
530,2,0.5761721103
530,3,0.6070302361
530,4,0.6377802839
530,5,0.6683927566
530,6,0.6988391636
530,7,0.7290922115
530,8,0.7591259764
530,9,0.7889160544
530,10,0.8184396901
530,11,0.8476758788
530,12,0.8766054447
530,13,0.9052110924
530,14,0.9334774323
530,15,0.9613909828
530,16,0.9889401474
530,17,1.016115172
530,18,1.042908081
530,19,1.069312603
530,20,1.095324073
530,21,1.120939336
530,22,1.146156634
530,23,1.170975492
530,24,1.195396605
530,25,1.219421719
530,26,1.243053518
530,27,1.266295517
530,28,1.289151952
530,29,1.311627686
530,30,1.333728115
540,-30,-0.3141197412
540,-29,-0.29164401
540,-28,-0.2687875772
540,-27,-0.2455455803
540,-26,-0.2219137818
540,-25,-0.1978886682
540,-24,-0.1734675545
540,-23,-0.1486486947
540,-22,-0.1234313944
540,-21,-0.09781612762
540,-20,-0.0718046522
540,-19,-0.04540012409
540,-18,-0.01860720678
540,-17,0.008567826638
540,-16,0.03611700169
540,-15,0.06403056408
540,-14,0.0922969174
540,-13,0.1209025798
540,-12,0.1498321619
540,-11,0.1790683682
540,-10,0.2085920227
540,-9,0.2383821208
540,-8,0.2684159069
540,-7,0.2986689771
540,-6,0.3291154073
540,-5,0.359727904
540,-4,0.3904779765
540,-3,0.4213361275
540,-2,0.45227206
540,-1,0.4832548961
540,0,0.5142534061
540,1,0.5452362422
540,2,0.5761721747
540,3,0.6070303257
540,4,0.6377803982
540,5,0.6683928949
540,6,0.6988393251
540,7,0.7290923953
540,8,0.7591261814
540,9,0.7889162795
540,10,0.818439934
540,11,0.8476761403
540,12,0.8766057224
540,13,0.9052113848
540,14,0.9334777381
540,15,0.9613913005
540,16,0.9889404756
540,17,1.016115509
540,18,1.042908426
540,19,1.069312954
540,20,1.09532443
540,21,1.120939697
540,22,1.146156997
540,23,1.170975857
540,24,1.19539697
540,25,1.219422084
540,26,1.243053883
540,27,1.266295879
540,28,1.289152312
540,29,1.311628043
540,30,1.333728469
550,-30,-0.3141200303
550,-29,-0.2916443014
550,-28,-0.2687878706
550,-27,-0.245545875
550,-26,-0.2219140773
550,-25,-0.1978889638
550,-24,-0.1734678495
550,-23,-0.1486489883
550,-22,-0.1234316858
550,-21,-0.09781641591
550,-20,-0.07180493638
550,-19,-0.04540040313
550,-18,-0.01860747962
550,-17,0.008567561116
550,-16,0.03611674463
550,-15,0.06403031664
550,-14,0.09229668074
550,-13,0.1209023551
550,-12,0.1498319503
550,-11,0.1790681707
550,-10,0.2085918405
550,-9,0.2383819549
550,-8,0.2684157581
550,-7,0.2986688464
550,-6,0.3291152953
550,-5,0.3597278115
550,-4,0.390477904
550,-3,0.4213360754
550,-2,0.4522720286
550,-1,0.4832548856
550,0,0.5142534166
550,1,0.5452362736
550,2,0.5761722268
550,3,0.6070303982
550,4,0.6377804907
550,5,0.6683930069
550,6,0.6988394558
550,7,0.7290925441
550,8,0.7591263473
550,9,0.7889164617
550,10,0.8184401315
550,11,0.8476763519
550,12,0.8766059471
550,13,0.9052116215
550,14,0.9334779856
550,15,0.9613915576
550,16,0.9889407411
550,17,1.016115782
550,18,1.042908705
550,19,1.069313239
550,20,1.095324718
550,21,1.120939988
550,22,1.146157291
550,23,1.170976152
550,24,1.195397266
550,25,1.219422379
550,26,1.243054177
550,27,1.266296173
550,28,1.289152604
550,29,1.311628332
550,30,1.333728755
560,-30,-0.314120264
560,-29,-0.2916445371
560,-28,-0.2687881078
560,-27,-0.2455461134
560,-26,-0.2219143163
560,-25,-0.1978892029
560,-24,-0.1734680882
560,-23,-0.1486492258
560,-22,-0.1234319216
560,-21,-0.09781664914
560,-20,-0.0718051663
560,-19,-0.04540062891
560,-18,-0.01860770038
560,-17,0.00856734627
560,-16,0.03611653662
560,-15,0.06403011641
560,-14,0.09229648924
560,-13,0.1209021732
560,-12,0.149831779
560,-11,0.179068011
560,-10,0.208591693
560,-9,0.2383818206
560,-8,0.2684156378
560,-7,0.2986687406
560,-6,0.3291152047
560,-5,0.3597277366
560,-4,0.3904778453
560,-3,0.4213360332
560,-2,0.4522720032
560,-1,0.4832548771
560,0,0.5142534251
560,1,0.545236299
560,2,0.576172269
560,3,0.6070304569
560,4,0.6377805656
560,5,0.6683930975
560,6,0.6988395616
560,7,0.7290926645
560,8,0.7591264816
560,9,0.7889166092
560,10,0.8184402913
560,11,0.8476765232
560,12,0.876606129
560,13,0.905211813
560,14,0.9334781858
560,15,0.9613917656
560,16,0.9889409559
560,17,1.016116003
560,18,1.042908931
560,19,1.069313469
560,20,1.095324951
560,21,1.120940224
560,22,1.146157528
560,23,1.17097639
560,24,1.195397505
560,25,1.219422618
560,26,1.243054416
560,27,1.26629641
560,28,1.289152839
560,29,1.311628566
560,30,1.333728986
570,-30,-0.3141204531
570,-29,-0.2916447278
570,-28,-0.2687882997
570,-27,-0.2455463062
570,-26,-0.2219145096
570,-25,-0.1978893963
570,-24,-0.1734682813
570,-23,-0.148649418
570,-22,-0.1234321123
570,-21,-0.09781683783
570,-20,-0.07180535232
570,-19,-0.04540081158
570,-18,-0.018607879
570,-17,0.008567172428
570,-16,0.03611636831
570,-15,0.06402995439
570,-14,0.09229633427
570,-13,0.1209020261
570,-12,0.1498316404
570,-11,0.1790678817
570,-10,0.2085915737
570,-9,0.2383817119
570,-8,0.2684155403
570,-7,0.2986686549
570,-6,0.3291151314
570,-5,0.359727676
570,-4,0.3904777978
570,-3,0.4213359991
570,-2,0.4522719826
570,-1,0.4832548703
570,0,0.514253432
570,1,0.5452363196
570,2,0.5761723031
570,3,0.6070305044
570,4,0.6377806262
570,5,0.6683931708
570,6,0.6988396473
570,7,0.7290927619
570,8,0.7591265903
570,9,0.7889167285
570,10,0.8184404206
570,11,0.8476766618
570,12,0.8766062761
570,13,0.9052119679
570,14,0.9334783478
570,15,0.9613919339
570,16,0.9889411298
570,17,1.016116181
570,18,1.042909114
570,19,1.069313655
570,20,1.09532514
570,21,1.120940415
570,22,1.14615772
570,23,1.170976583
570,24,1.195397699
570,25,1.219422812
570,26,1.243054608
570,27,1.266296602
570,28,1.28915303
570,29,1.311628755
570,30,1.333729174
580,-30,-0.3141206061
580,-29,-0.291644882
580,-28,-0.2687884549
580,-27,-0.2455464621
580,-26,-0.221914666
580,-25,-0.1978895528
580,-24,-0.1734684374
580,-23,-0.1486495735
580,-22,-0.1234322666
580,-21,-0.0978169905
580,-20,-0.07180550282
580,-19,-0.04540095938
580,-18,-0.01860802353
580,-17,0.008567031766
580,-16,0.03611623212
580,-15,0.06402982328
580,-14,0.09229620887
580,-13,0.120901907
580,-12,0.1498315283
580,-11,0.179067777
580,-10,0.2085914772
580,-9,0.238381624
580,-8,0.2684154615
580,-7,0.2986685856
580,-6,0.3291150721
580,-5,0.359727627
580,-4,0.3904777593
580,-3,0.4213359715
580,-2,0.452271966
580,-1,0.4832548647
580,0,0.5142534375
580,1,0.5452363363
580,2,0.5761723307
580,3,0.6070305429
580,4,0.6377806752
580,5,0.6683932301
580,6,0.6988397166
580,7,0.7290928407
580,8,0.7591266782
580,9,0.7889168251
580,10,0.8184405252
580,11,0.8476767739
580,12,0.8766063952
580,13,0.9052120933
580,14,0.9334784789
580,15,0.9613920701
580,16,0.9889412704
580,17,1.016116326
580,18,1.042909262
580,19,1.069313805
580,20,1.095325293
580,21,1.120940569
580,22,1.146157876
580,23,1.17097674
580,24,1.195397855
580,25,1.219422968
580,26,1.243054764
580,27,1.266296757
580,28,1.289153184
580,29,1.311628908
580,30,1.333729325
590,-30,-0.3141207298
590,-29,-0.2916450067
590,-28,-0.2687885805
590,-27,-0.2455465883
590,-26,-0.2219147925
590,-25,-0.1978896794
590,-24,-0.1734685638
590,-23,-0.1486496993
590,-22,-0.1234323915
590,-21,-0.09781711401
590,-20,-0.07180562459
590,-19,-0.04540107897
590,-18,-0.01860814047
590,-17,0.008566917951
590,-16,0.03611612192
590,-15,0.06402971719
590,-14,0.09229610739
590,-13,0.1209018106
590,-12,0.1498314375
590,-11,0.1790676923
590,-10,0.208591399
590,-9,0.2383815528
590,-8,0.2684153977
590,-7,0.2986685296
590,-6,0.3291150241
590,-5,0.3597275873
590,-4,0.3904777282
590,-3,0.4213359491
590,-2,0.4522719525
590,-1,0.4832548602
590,0,0.514253442
590,1,0.5452363497
590,2,0.5761723531
590,3,0.607030574
590,4,0.6377807149
590,5,0.6683932782
590,6,0.6988397726
590,7,0.7290929045
590,8,0.7591267494
590,9,0.7889169032
590,10,0.8184406099
590,11,0.8476768647
590,12,0.8766064916
590,13,0.9052121948
590,14,0.933478585
590,15,0.9613921803
590,16,0.9889413843
590,17,1.016116443
590,18,1.042909381
590,19,1.069313927
590,20,1.095325416
590,21,1.120940694
590,22,1.146158001
590,23,1.170976866
590,24,1.195397982
590,25,1.219423095
590,26,1.243054891
590,27,1.266296883
590,28,1.289153309
590,29,1.311629032
590,30,1.333729448
600,-30,-0.3141208298
600,-29,-0.2916451076
600,-28,-0.268788682
600,-27,-0.2455466903
600,-26,-0.2219148949
600,-25,-0.1978897818
600,-24,-0.173468666
600,-23,-0.148649801
600,-22,-0.1234324925
600,-21,-0.09781721394
600,-20,-0.07180572311
600,-19,-0.04540117572
600,-18,-0.01860823508
600,-17,0.008566825859
600,-16,0.03611603275
600,-15,0.06402963135
600,-14,0.09229602528
600,-13,0.1209017327
600,-12,0.1498313641
600,-11,0.1790676238
600,-10,0.2085913358
600,-9,0.2383814952
600,-8,0.268415346
600,-7,0.2986684842
600,-6,0.3291149852
600,-5,0.3597275552
600,-4,0.390477703
600,-3,0.421335931
600,-2,0.4522719416
600,-1,0.4832548566
600,0,0.5142534457
600,1,0.5452363606
600,2,0.5761723712
600,3,0.6070305992
600,4,0.637780747
600,5,0.668393317
600,6,0.698839818
600,7,0.7290929562
600,8,0.759126807
600,9,0.7889169664
600,10,0.8184406784
600,11,0.8476769381
600,12,0.8766065695
600,13,0.9052122769
600,14,0.9334786709
600,15,0.9613922695
600,16,0.9889414763
600,17,1.016116537
600,18,1.042909478
600,19,1.069314025
600,20,1.095325516
600,21,1.120940795
600,22,1.146158103
600,23,1.170976968
600,24,1.195398084
600,25,1.219423197
600,26,1.243054993
600,27,1.266296984
600,28,1.28915341
600,29,1.311629132
600,30,1.333729547
