gamma,q,spread
0.001,-30,1.009039515
0.001,-29,1.00905753
0.001,-28,1.009075171
0.001,-27,1.009092401
0.001,-26,1.009109191
0.001,-25,1.009125512
0.001,-24,1.00914134
0.001,-23,1.009156652
0.001,-22,1.009171429
0.001,-21,1.009185651
0.001,-20,1.009199304
0.001,-19,1.009212372
0.001,-18,1.00922484
0.001,-17,1.009236698
0.001,-16,1.009247933
0.001,-15,1.009258535
0.001,-14,1.009268494
0.001,-13,1.009277802
0.001,-12,1.00928645
0.001,-11,1.009294432
0.001,-10,1.009301741
0.001,-9,1.009308372
0.001,-8,1.009314318
0.001,-7,1.009319575
0.001,-6,1.009324139
0.001,-5,1.009328007
0.001,-4,1.009331176
0.001,-3,1.009333643
0.001,-2,1.009335406
0.001,-1,1.009336465
0.001,0,1.009336818
0.001,1,1.009336465
0.001,2,1.009335406
0.001,3,1.009333643
0.001,4,1.009331176
0.001,5,1.009328007
0.001,6,1.009324139
0.001,7,1.009319575
0.001,8,1.009314318
0.001,9,1.009308372
0.001,10,1.009301741
0.001,11,1.009294432
0.001,12,1.00928645
0.001,13,1.009277802
0.001,14,1.009268494
0.001,15,1.009258535
0.001,16,1.009247933
0.001,17,1.009236698
0.001,18,1.00922484
0.001,19,1.009212372
0.001,20,1.009199304
0.001,21,1.009185651
0.001,22,1.009171429
0.001,23,1.009156652
0.001,24,1.00914134
0.001,25,1.009125512
0.001,26,1.009109191
0.001,27,1.009092401
0.001,28,1.009075171
0.001,29,1.00905753
0.001,30,1.009039515
0.01763333333,-30,1.020265803
0.01763333333,-29,1.020798293
0.01763333333,-28,1.021347468
0.01763333333,-27,1.021913438
0.01763333333,-26,1.022496196
0.01763333333,-25,1.023095589
0.01763333333,-24,1.023711294
0.01763333333,-23,1.024342777
0.01763333333,-22,1.02498926
0.01763333333,-21,1.025649679
0.01763333333,-20,1.026322639
0.01763333333,-19,1.027006371
0.01763333333,-18,1.027698684
0.01763333333,-17,1.028396928
0.01763333333,-16,1.029097949
0.01763333333,-15,1.029798074
0.01763333333,-14,1.030493085
0.01763333333,-13,1.031178235
0.01763333333,-12,1.03184827
0.01763333333,-11,1.032497484
0.01763333333,-10,1.033119802
0.01763333333,-9,1.033708888
0.01763333333,-8,1.034258282
0.01763333333,-7,1.034761553
0.01763333333,-6,1.035212473
0.01763333333,-5,1.035605189
0.01763333333,-4,1.035934397
0.01763333333,-3,1.036195509
0.01763333333,-2,1.036384791
0.01763333333,-1,1.036499489
0.01763333333,0,1.036537911
0.01763333333,1,1.036499489
0.01763333333,2,1.036384791
0.01763333333,3,1.036195509
0.01763333333,4,1.035934397
0.01763333333,5,1.035605189
0.01763333333,6,1.035212473
0.01763333333,7,1.034761553
0.01763333333,8,1.034258282
0.01763333333,9,1.033708888
0.01763333333,10,1.033119802
0.01763333333,11,1.032497484
0.01763333333,12,1.03184827
0.01763333333,13,1.031178235
0.01763333333,14,1.030493085
0.01763333333,15,1.029798074
0.01763333333,16,1.029097949
0.01763333333,17,1.028396928
0.01763333333,18,1.027698684
0.01763333333,19,1.027006371
0.01763333333,20,1.026322639
0.01763333333,21,1.025649679
0.01763333333,22,1.02498926
0.01763333333,23,1.024342777
0.01763333333,24,1.023711294
0.01763333333,25,1.023095589
0.01763333333,26,1.022496196
0.01763333333,27,1.021913438
0.01763333333,28,1.021347468
0.01763333333,29,1.020798293
0.01763333333,30,1.020265803
0.03426666667,-30,1.018614559
0.03426666667,-29,1.01930804
0.03426666667,-28,1.020032945
0.03426666667,-27,1.020790911
0.03426666667,-26,1.021583605
0.03426666667,-25,1.022412703
0.03426666667,-24,1.023279854
0.03426666667,-23,1.024186645
0.03426666667,-22,1.025134545
0.03426666667,-21,1.026124835
0.03426666667,-20,1.027158515
0.03426666667,-19,1.028236194
0.03426666667,-18,1.029357937
0.03426666667,-17,1.030523092
0.03426666667,-16,1.031730067
0.03426666667,-15,1.032976067
0.03426666667,-14,1.034256795
0.03426666667,-13,1.035566113
0.03426666667,-12,1.036895679
0.03426666667,-11,1.038234602
0.03426666667,-10,1.039569137
0.03426666667,-9,1.040882505
0.03426666667,-8,1.042154895
0.03426666667,-7,1.043363744
0.03426666667,-6,1.044484353
0.03426666667,-5,1.04549087
0.03426666667,-4,1.0463576
0.03426666667,-3,1.047060526
0.03426666667,-2,1.047578895
0.03426666667,-1,1.047896683
0.03426666667,0,1.048003766
0.03426666667,1,1.047896683
0.03426666667,2,1.047578895
0.03426666667,3,1.047060526
0.03426666667,4,1.0463576
0.03426666667,5,1.04549087
0.03426666667,6,1.044484353
0.03426666667,7,1.043363744
0.03426666667,8,1.042154895
0.03426666667,9,1.040882505
0.03426666667,10,1.039569137
0.03426666667,11,1.038234602
0.03426666667,12,1.036895679
0.03426666667,13,1.035566113
0.03426666667,14,1.034256795
0.03426666667,15,1.032976067
0.03426666667,16,1.031730067
0.03426666667,17,1.030523092
0.03426666667,18,1.029357937
0.03426666667,19,1.028236194
0.03426666667,20,1.027158515
0.03426666667,21,1.026124835
0.03426666667,22,1.025134545
0.03426666667,23,1.024186645
0.03426666667,24,1.023279854
0.03426666667,25,1.022412703
0.03426666667,26,1.021583605
0.03426666667,27,1.020790911
0.03426666667,28,1.020032945
0.03426666667,29,1.01930804
0.03426666667,30,1.018614559
0.0509,-30,1.015785182
0.0509,-29,1.016561699
0.0509,-28,1.017378004
0.0509,-27,1.018236781
0.0509,-26,1.019140892
0.0509,-25,1.020093371
0.0509,-24,1.021097419
0.0509,-23,1.022156388
0.0509,-22,1.023273747
0.0509,-21,1.02445304
0.0509,-20,1.025697816
0.0509,-19,1.02701152
0.0509,-18,1.028397358
0.0509,-17,1.029858086
0.0509,-16,1.031395743
0.0509,-15,1.033011276
0.0509,-14,1.034704058
0.0509,-13,1.036471259
0.0509,-12,1.038307059
0.0509,-11,1.040201692
0.0509,-10,1.042140342
0.0509,-9,1.04410195
0.0509,-8,1.046058094
0.0509,-7,1.047972172
0.0509,-6,1.049799251
0.0509,-5,1.051487029
0.0509,-4,1.052978267
0.0509,-3,1.054214826
0.0509,-2,1.05514294
0.0509,-1,1.055718919
0.0509,0,1.055914221
0.0509,1,1.055718919
0.0509,2,1.05514294
0.0509,3,1.054214826
0.0509,4,1.052978267
0.0509,5,1.051487029
0.0509,6,1.049799251
0.0509,7,1.047972172
0.0509,8,1.046058094
0.0509,9,1.04410195
0.0509,10,1.042140342
0.0509,11,1.040201692
0.0509,12,1.038307059
0.0509,13,1.036471259
0.0509,14,1.034704058
0.0509,15,1.033011276
0.0509,16,1.031395743
0.0509,17,1.029858086
0.0509,18,1.028397358
0.0509,19,1.02701152
0.0509,20,1.025697816
0.0509,21,1.02445304
0.0509,22,1.023273747
0.0509,23,1.022156388
0.0509,24,1.021097419
0.0509,25,1.020093371
0.0509,26,1.019140892
0.0509,27,1.018236781
0.0509,28,1.017378004
0.0509,29,1.016561699
0.0509,30,1.015785182
0.06753333333,-30,1.01254463
0.06753333333,-29,1.013374395
0.06753333333,-28,1.014249555
0.06753333333,-27,1.015173551
0.06753333333,-26,1.016150121
0.06753333333,-25,1.017183314
0.06753333333,-24,1.018277513
0.06753333333,-23,1.019437439
0.06753333333,-22,1.020668161
0.06753333333,-21,1.021975078
0.06753333333,-20,1.023363897
0.06753333333,-19,1.024840566
0.06753333333,-18,1.026411176
0.06753333333,-17,1.028081797
0.06753333333,-16,1.029858229
0.06753333333,-15,1.031745636
0.06753333333,-14,1.033748009
0.06753333333,-13,1.035867422
0.06753333333,-12,1.038102992
0.06753333333,-11,1.040449488
0.06753333333,-10,1.042895513
0.06753333333,-9,1.045421244
0.06753333333,-8,1.047995798
0.06753333333,-7,1.050574469
0.06753333333,-6,1.053096413
0.06753333333,-5,1.055483723
0.06753333333,-4,1.05764323
0.06753333333,-3,1.059472346
0.06753333333,-2,1.060869412
0.06753333333,-1,1.061747261
0.06753333333,0,1.062046845
0.06753333333,1,1.061747261
0.06753333333,2,1.060869412
0.06753333333,3,1.059472346
0.06753333333,4,1.05764323
0.06753333333,5,1.055483723
0.06753333333,6,1.053096413
0.06753333333,7,1.050574469
0.06753333333,8,1.047995798
0.06753333333,9,1.045421244
0.06753333333,10,1.042895513
0.06753333333,11,1.040449488
0.06753333333,12,1.038102992
0.06753333333,13,1.035867422
0.06753333333,14,1.033748009
0.06753333333,15,1.031745636
0.06753333333,16,1.029858229
0.06753333333,17,1.028081797
0.06753333333,18,1.026411176
0.06753333333,19,1.024840566
0.06753333333,20,1.023363897
0.06753333333,21,1.021975078
0.06753333333,22,1.020668161
0.06753333333,23,1.019437439
0.06753333333,24,1.018277513
0.06753333333,25,1.017183314
0.06753333333,26,1.016150121
0.06753333333,27,1.015173551
0.06753333333,28,1.014249555
0.06753333333,29,1.013374395
0.06753333333,30,1.01254463
0.08416666667,-30,1.009115796
0.08416666667,-29,1.009983288
0.08416666667,-28,1.010900266
0.08416666667,-27,1.011870746
0.08416666667,-26,1.012899139
0.08416666667,-25,1.013990286
0.08416666667,-24,1.015149496
0.08416666667,-23,1.016382587
0.08416666667,-22,1.017695917
0.08416666667,-21,1.019096415
0.08416666667,-20,1.020591592
0.08416666667,-19,1.02218954
0.08416666667,-18,1.023898883
0.08416666667,-17,1.025728681
0.08416666667,-16,1.027688249
0.08416666667,-15,1.029786851
0.08416666667,-14,1.032033209
0.08416666667,-13,1.034434748
0.08416666667,-12,1.036996475
0.08416666667,-11,1.039719337
0.08416666667,-10,1.042597912
0.08416666667,-9,1.045617253
0.08416666667,-8,1.048748783
0.08416666667,-7,1.051945327
0.08416666667,-6,1.055135789
0.08416666667,-5,1.058220745
0.08416666667,-4,1.061071297
0.08416666667,-3,1.063534485
0.08416666667,-2,1.065448254
0.08416666667,-1,1.06666588
0.08416666667,0,1.067084166
0.08416666667,1,1.06666588
0.08416666667,2,1.065448254
0.08416666667,3,1.063534485
0.08416666667,4,1.061071297
0.08416666667,5,1.058220745
0.08416666667,6,1.055135789
0.08416666667,7,1.051945327
0.08416666667,8,1.048748783
0.08416666667,9,1.045617253
0.08416666667,10,1.042597912
0.08416666667,11,1.039719337
0.08416666667,12,1.036996475
0.08416666667,13,1.034434748
0.08416666667,14,1.032033209
0.08416666667,15,1.029786851
0.08416666667,16,1.027688249
0.08416666667,17,1.025728681
0.08416666667,18,1.023898883
0.08416666667,19,1.02218954
0.08416666667,20,1.020591592
0.08416666667,21,1.019096415
0.08416666667,22,1.017695917
0.08416666667,23,1.016382587
0.08416666667,24,1.015149496
0.08416666667,25,1.013990286
0.08416666667,26,1.012899139
0.08416666667,27,1.011870746
0.08416666667,28,1.010900266
0.08416666667,29,1.009983288
0.08416666667,30,1.009115796
0.1008,-30,1.005592787
0.1008,-29,1.00648866
0.1008,-28,1.007437158
0.1008,-27,1.008442754
0.1008,-26,1.009510397
0.1008,-25,1.010645559
0.1008,-24,1.011854303
0.1008,-23,1.013143337
0.1008,-22,1.014520085
0.1008,-21,1.015992748
0.1008,-20,1.017570365
0.1008,-19,1.019262861
0.1008,-18,1.021081066
0.1008,-17,1.023036696
0.1008,-16,1.025142259
0.1008,-15,1.027410841
0.1008,-14,1.029855715
0.1008,-13,1.032489661
0.1008,-12,1.035323878
0.1008,-11,1.038366261
0.1008,-10,1.041618805
0.1008,-9,1.045073802
0.1008,-8,1.048708474
0.1008,-7,1.052477847
0.1008,-6,1.056306065
0.1008,-5,1.060077385
0.1008,-4,1.063629941
0.1008,-3,1.066757846
0.1008,-2,1.06922871
0.1008,-1,1.070820522
0.1008,0,1.071371025
0.1008,1,1.070820522
0.1008,2,1.06922871
0.1008,3,1.066757846
0.1008,4,1.063629941
0.1008,5,1.060077385
0.1008,6,1.056306065
0.1008,7,1.052477847
0.1008,8,1.048708474
0.1008,9,1.045073802
0.1008,10,1.041618805
0.1008,11,1.038366261
0.1008,12,1.035323878
0.1008,13,1.032489661
0.1008,14,1.029855715
0.1008,15,1.027410841
0.1008,16,1.025142259
0.1008,17,1.023036696
0.1008,18,1.021081066
0.1008,19,1.019262861
0.1008,20,1.017570365
0.1008,21,1.015992748
0.1008,22,1.014520085
0.1008,23,1.013143337
0.1008,24,1.011854303
0.1008,25,1.010645559
0.1008,26,1.009510397
0.1008,27,1.008442754
0.1008,28,1.007437158
0.1008,29,1.00648866
0.1008,30,1.005592787
0.1174333333,-30,1.002023125
0.1174333333,-29,1.002941238
0.1174333333,-28,1.003914474
0.1174333333,-27,1.004947678
0.1174333333,-26,1.006046235
0.1174333333,-25,1.007216141
0.1174333333,-24,1.008464076
0.1174333333,-23,1.009797494
0.1174333333,-22,1.01122471
0.1174333333,-21,1.012755
0.1174333333,-20,1.014398706
0.1174333333,-19,1.016167335
0.1174333333,-18,1.018073642
0.1174333333,-17,1.020131697
0.1174333333,-16,1.022356877
0.1174333333,-15,1.024765777
0.1174333333,-14,1.027375939
0.1174333333,-13,1.030205309
0.1174333333,-12,1.03327126
0.1174333333,-11,1.036588926
0.1174333333,-10,1.040168504
0.1174333333,-9,1.044011038
0.1174333333,-8,1.04810208
0.1174333333,-7,1.052402616
0.1174333333,-6,1.056836977
0.1174333333,-5,1.061278553
0.1174333333,-4,1.06553669
0.1174333333,-3,1.069352445
0.1174333333,-2,1.072415506
0.1174333333,-1,1.074413533
0.1174333333,0,1.075109232
0.1174333333,1,1.074413533
0.1174333333,2,1.072415506
0.1174333333,3,1.069352445
0.1174333333,4,1.06553669
0.1174333333,5,1.061278553
0.1174333333,6,1.056836977
0.1174333333,7,1.052402616
0.1174333333,8,1.04810208
0.1174333333,9,1.044011038
0.1174333333,10,1.040168504
0.1174333333,11,1.036588926
0.1174333333,12,1.03327126
0.1174333333,13,1.030205309
0.1174333333,14,1.027375939
0.1174333333,15,1.024765777
0.1174333333,16,1.022356877
0.1174333333,17,1.020131697
0.1174333333,18,1.018073642
0.1174333333,19,1.016167335
0.1174333333,20,1.014398706
0.1174333333,21,1.012755
0.1174333333,22,1.01122471
0.1174333333,23,1.009797494
0.1174333333,24,1.008464076
0.1174333333,25,1.007216141
0.1174333333,26,1.006046235
0.1174333333,27,1.004947678
0.1174333333,28,1.003914474
0.1174333333,29,1.002941238
0.1174333333,30,1.002023125
0.1340666667,-30,0.9984335662
0.1340666667,-29,0.9993696391
0.1340666667,-28,1.000362875
0.1340666667,-27,1.001418428
0.1340666667,-26,1.002542049
0.1340666667,-25,1.003740169
0.1340666667,-24,1.005019992
0.1340666667,-23,1.006389598
0.1340666667,-22,1.007858061
0.1340666667,-21,1.009435578
0.1340666667,-20,1.011133615
0.1340666667,-19,1.012965051
0.1340666667,-18,1.014944334
0.1340666667,-17,1.017087618
0.1340666667,-16,1.019412861
0.1340666667,-15,1.021939854
0.1340666667,-14,1.0246901
0.1340666667,-13,1.027686437
0.1340666667,-12,1.030952236
0.1340666667,-11,1.034509885
0.1340666667,-10,1.03837815
0.1340666667,-9,1.042567772
0.1340666667,-8,1.047074437
0.1340666667,-7,1.051868075
0.1340666667,-6,1.056877522
0.1340666667,-5,1.061970641
0.1340666667,-4,1.066932955
0.1340666667,-3,1.07145412
0.1340666667,-2,1.075140384
0.1340666667,-1,1.077574898
0.1340666667,0,1.078428444
0.1340666667,1,1.077574898
0.1340666667,2,1.075140384
0.1340666667,3,1.07145412
0.1340666667,4,1.066932955
0.1340666667,5,1.061970641
0.1340666667,6,1.056877522
0.1340666667,7,1.051868075
0.1340666667,8,1.047074437
0.1340666667,9,1.042567772
0.1340666667,10,1.03837815
0.1340666667,11,1.034509885
0.1340666667,12,1.030952236
0.1340666667,13,1.027686437
0.1340666667,14,1.0246901
0.1340666667,15,1.021939854
0.1340666667,16,1.019412861
0.1340666667,17,1.017087618
0.1340666667,18,1.014944334
0.1340666667,19,1.012965051
0.1340666667,20,1.011133615
0.1340666667,21,1.009435578
0.1340666667,22,1.007858061
0.1340666667,23,1.006389598
0.1340666667,24,1.005019992
0.1340666667,25,1.003740169
0.1340666667,26,1.002542049
0.1340666667,27,1.001418428
0.1340666667,28,1.000362875
0.1340666667,29,0.9993696391
0.1340666667,30,0.9984335662
0.1507,-30,0.9948403267
0.1507,-29,0.9957912412
0.1507,-28,0.996801021
0.1507,-27,0.9978750797
0.1507,-26,0.9990194791
0.1507,-25,1.000241022
0.1507,-24,1.001547356
0.1507,-23,1.0029471
0.1507,-22,1.004449981
0.1507,-21,1.006066993
0.1507,-20,1.007810578
0.1507,-19,1.009694821
0.1507,-18,1.011735662
0.1507,-17,1.013951111
0.1507,-16,1.016361448
0.1507,-15,1.018989374
0.1507,-14,1.021860045
0.1507,-13,1.025000888
0.1507,-12,1.028441013
0.1507,-11,1.032209925
0.1507,-10,1.03633506
0.1507,-9,1.040837397
0.1507,-8,1.045724019
0.1507,-7,1.050976127
0.1507,-6,1.056530773
0.1507,-5,1.062255334
0.1507,-4,1.067916886
0.1507,-3,1.073156678
0.1507,-2,1.07749381
0.1507,-1,1.080393704
0.1507,0,1.081417549
0.1507,1,1.080393704
0.1507,2,1.07749381
0.1507,3,1.073156678
0.1507,4,1.067916886
0.1507,5,1.062255334
0.1507,6,1.056530773
0.1507,7,1.050976127
0.1507,8,1.045724019
0.1507,9,1.040837397
0.1507,10,1.03633506
0.1507,11,1.032209925
0.1507,12,1.028441013
0.1507,13,1.025000888
0.1507,14,1.021860045
0.1507,15,1.018989374
0.1507,16,1.016361448
0.1507,17,1.013951111
0.1507,18,1.011735662
0.1507,19,1.009694821
0.1507,20,1.007810578
0.1507,21,1.006066993
0.1507,22,1.004449981
0.1507,23,1.0029471
0.1507,24,1.001547356
0.1507,25,1.000241022
0.1507,26,0.9990194791
0.1507,27,0.9978750797
0.1507,28,0.996801021
0.1507,29,0.9957912412
0.1507,30,0.9948403267
0.1673333333,-30,0.9912537591
0.1673333333,-29,0.9922171667
0.1673333333,-28,0.9932408828
0.1673333333,-27,0.9943305445
0.1673333333,-26,0.99549248
0.1673333333,-25,0.9967338109
0.1673333333,-24,0.9980625712
0.1673333333,-23,0.9994878451
0.1673333333,-22,1.001019928
0.1673333333,-21,1.00267051
0.1673333333,-20,1.004452891
0.1673333333,-19,1.00638222
0.1673333333,-18,1.00847576
0.1673333333,-17,1.010753185
0.1673333333,-16,1.013236867
0.1673333333,-15,1.015952156
0.1673333333,-14,1.018927577
0.1673333333,-13,1.022194836
0.1673333333,-12,1.02578849
0.1673333333,-11,1.029744929
0.1673333333,-10,1.034100196
0.1673333333,-9,1.038885767
0.1673333333,-8,1.04412097
0.1673333333,-7,1.049800072
0.1673333333,-6,1.055871477
0.1673333333,-5,1.06220673
0.1673333333,-4,1.068559995
0.1673333333,-3,1.074528119
0.1673333333,-2,1.079540962
0.1673333333,-1,1.082933991
0.1673333333,0,1.084140468
0.1673333333,1,1.082933991
0.1673333333,2,1.079540962
0.1673333333,3,1.074528119
0.1673333333,4,1.068559995
0.1673333333,5,1.06220673
0.1673333333,6,1.055871477
0.1673333333,7,1.049800072
0.1673333333,8,1.04412097
0.1673333333,9,1.038885767
0.1673333333,10,1.034100196
0.1673333333,11,1.029744929
0.1673333333,12,1.02578849
0.1673333333,13,1.022194836
0.1673333333,14,1.018927577
0.1673333333,15,1.015952156
0.1673333333,16,1.013236867
0.1673333333,17,1.010753185
0.1673333333,18,1.00847576
0.1673333333,19,1.00638222
0.1673333333,20,1.004452891
0.1673333333,21,1.00267051
0.1673333333,22,1.001019928
0.1673333333,23,0.9994878451
0.1673333333,24,0.9980625712
0.1673333333,25,0.9967338109
0.1673333333,26,0.99549248
0.1673333333,27,0.9943305445
0.1673333333,28,0.9932408828
0.1673333333,29,0.9922171667
0.1673333333,30,0.9912537591
0.1839666667,-30,0.9876807292
0.1839666667,-29,0.9886548125
0.1839666667,-28,0.9896904451
0.1839666667,-27,0.9907934579
0.1839666667,-26,0.9919704105
0.1839666667,-25,0.9932287029
0.1839666667,-24,0.9945767051
0.1839666667,-23,0.9960239096
0.1839666667,-22,0.9975811106
0.1839666667,-21,0.9992606124
0.1839666667,-20,1.001076473
0.1839666667,-19,1.003044787
0.1839666667,-18,1.005184001
0.1839666667,-17,1.007515282
0.1839666667,-16,1.010062897
0.1839666667,-15,1.012854614
0.1839666667,-14,1.015922055
0.1839666667,-13,1.019300918
0.1839666667,-12,1.023030898
0.1839666667,-11,1.027154995
0.1839666667,-10,1.031717681
0.1839666667,-9,1.036760996
0.1839666667,-8,1.04231705
0.1839666667,-7,1.048394529
0.1839666667,-6,1.054955807
0.1839666667,-5,1.061880828
0.1839666667,-4,1.068916362
0.1839666667,-3,1.075619619
0.1839666667,-2,1.081330558
0.1839666667,-1,1.085243498
0.1839666667,0,1.086644881
0.1839666667,1,1.085243498
0.1839666667,2,1.081330558
0.1839666667,3,1.075619619
0.1839666667,4,1.068916362
0.1839666667,5,1.061880828
0.1839666667,6,1.054955807
0.1839666667,7,1.048394529
0.1839666667,8,1.04231705
0.1839666667,9,1.036760996
0.1839666667,10,1.031717681
0.1839666667,11,1.027154995
0.1839666667,12,1.023030898
0.1839666667,13,1.019300918
0.1839666667,14,1.015922055
0.1839666667,15,1.012854614
0.1839666667,16,1.010062897
0.1839666667,17,1.007515282
0.1839666667,18,1.005184001
0.1839666667,19,1.003044787
0.1839666667,20,1.001076473
0.1839666667,21,0.9992606124
0.1839666667,22,0.9975811106
0.1839666667,23,0.9960239096
0.1839666667,24,0.9945767051
0.1839666667,25,0.9932287029
0.1839666667,26,0.9919704105
0.1839666667,27,0.9907934579
0.1839666667,28,0.9896904451
0.1839666667,29,0.9886548125
0.1839666667,30,0.9876807292
0.2006,-30,0.9841259164
0.2006,-29,0.9851092377
0.2006,-28,0.9861551875
0.2006,-27,0.9872697662
0.2006,-26,0.9884597369
0.2006,-25,0.989732744
0.2006,-24,0.9910974536
0.2006,-23,0.9925637189
0.2006,-22,0.9941427757
0.2006,-21,0.9958474734
0.2006,-20,0.9976925463
0.2006,-19,0.9996949328
0.2006,-18,1.001874146
0.2006,-17,1.004252698
0.2006,-16,1.006856578
0.2006,-15,1.009715764
0.2006,-14,1.012864735
0.2006,-13,1.016342902
0.2006,-12,1.020194798
0.2006,-11,1.024469732
0.2006,-10,1.029220365
0.2006,-9,1.034499231
0.2006,-8,1.040351517
0.2006,-7,1.04680133
0.2006,-6,1.053827173
0.2006,-5,1.061321176
0.2006,-4,1.069028107
0.2006,-3,1.076470854
0.2006,-2,1.082900095
0.2006,-1,1.087358859
0.2006,0,1.088967403
0.2006,1,1.087358859
0.2006,2,1.082900095
0.2006,3,1.076470854
0.2006,4,1.069028107
0.2006,5,1.061321176
0.2006,6,1.053827173
0.2006,7,1.04680133
0.2006,8,1.040351517
0.2006,9,1.034499231
0.2006,10,1.029220365
0.2006,11,1.024469732
0.2006,12,1.020194798
0.2006,13,1.016342902
0.2006,14,1.012864735
0.2006,15,1.009715764
0.2006,16,1.006856578
0.2006,17,1.004252698
0.2006,18,1.001874146
0.2006,19,0.9996949328
0.2006,20,0.9976925463
0.2006,21,0.9958474734
0.2006,22,0.9941427757
0.2006,23,0.9925637189
0.2006,24,0.9910974536
0.2006,25,0.989732744
0.2006,26,0.9884597369
0.2006,27,0.9872697662
0.2006,28,0.9861551875
0.2006,29,0.9851092377
0.2006,30,0.9841259164
0.2172333333,-30,0.9805925705
0.2172333333,-29,0.9815839713
0.2172333333,-28,0.9826389484
0.2172333333,-27,0.9837636521
0.2172333333,-26,0.9849650254
0.2172333333,-25,0.9862509296
0.2172333333,-24,0.9876302936
0.2172333333,-23,0.9891132915
0.2172333333,-22,0.9907115531
0.2172333333,-21,0.9924384146
0.2172333333,-20,0.9943092169
0.2172333333,-19,0.9963416585
0.2172333333,-18,0.9985562128
0.2172333333,-17,1.000976615
0.2172333333,-16,1.003630422
0.2172333333,-15,1.006549638
0.2172333333,-14,1.009771381
0.2172333333,-13,1.013338517
0.2172333333,-12,1.017300126
0.2172333333,-11,1.021711522
0.2172333333,-10,1.026633273
0.2172333333,-9,1.032128241
0.2172333333,-8,1.038254814
0.2172333333,-7,1.045053226
0.2172333333,-6,1.052519871
0.2172333333,-5,1.060562425
0.2172333333,-4,1.068928825
0.2172333333,-3,1.077113342
0.2172333333,-2,1.084279128
0.2172333333,-1,1.089308844
0.2172333333,0,1.091136822
0.2172333333,1,1.089308844
0.2172333333,2,1.084279128
0.2172333333,3,1.077113342
0.2172333333,4,1.068928825
0.2172333333,5,1.060562425
0.2172333333,6,1.052519871
0.2172333333,7,1.045053226
0.2172333333,8,1.038254814
0.2172333333,9,1.032128241
0.2172333333,10,1.026633273
0.2172333333,11,1.021711522
0.2172333333,12,1.017300126
0.2172333333,13,1.013338517
0.2172333333,14,1.009771381
0.2172333333,15,1.006549638
0.2172333333,16,1.003630422
0.2172333333,17,1.000976615
0.2172333333,18,0.9985562128
0.2172333333,19,0.9963416585
0.2172333333,20,0.9943092169
0.2172333333,21,0.9924384146
0.2172333333,22,0.9907115531
0.2172333333,23,0.9891132915
0.2172333333,24,0.9876302936
0.2172333333,25,0.9862509296
0.2172333333,26,0.9849650254
0.2172333333,27,0.9837636521
0.2172333333,28,0.9826389484
0.2172333333,29,0.9815839713
0.2172333333,30,0.9805925705
0.2338666667,-30,0.977082974
0.2338666667,-29,0.9780815062
0.2338666667,-28,0.979144454
0.2338666667,-27,0.9802781016
0.2338666667,-26,0.9814895521
0.2338666667,-25,0.9827868605
0.2338666667,-24,0.9841791908
0.2338666667,-23,0.9856770044
0.2338666667,-22,0.9872922847
0.2338666667,-21,0.9890388061
0.2338666667,-20,0.9909324559
0.2338666667,-19,0.9929916202
0.2338666667,-18,0.9952376436
0.2338666667,-17,0.9976953747
0.2338666667,-16,1.000393805
0.2338666667,-15,1.003366801
0.2338666667,-14,1.006653921
0.2338666667,-13,1.01030125
0.2338666667,-12,1.014362141
0.2338666667,-11,1.018897609
0.2338666667,-10,1.023975828
0.2338666667,-9,1.029669758
0.2338666667,-8,1.036050977
0.2338666667,-7,1.043176324
0.2338666667,-6,1.051061494
0.2338666667,-5,1.059632663
0.2338666667,-4,1.068645841
0.2338666667,-3,1.077572628
0.2338666667,-2,1.085491416
0.2338666667,-1,1.091116493
0.2338666667,0,1.093176219
0.2338666667,1,1.091116493
0.2338666667,2,1.085491416
0.2338666667,3,1.077572628
0.2338666667,4,1.068645841
0.2338666667,5,1.059632663
0.2338666667,6,1.051061494
0.2338666667,7,1.043176324
0.2338666667,8,1.036050977
0.2338666667,9,1.029669758
0.2338666667,10,1.023975828
0.2338666667,11,1.018897609
0.2338666667,12,1.014362141
0.2338666667,13,1.01030125
0.2338666667,14,1.006653921
0.2338666667,15,1.003366801
0.2338666667,16,1.000393805
0.2338666667,17,0.9976953747
0.2338666667,18,0.9952376436
0.2338666667,19,0.9929916202
0.2338666667,20,0.9909324559
0.2338666667,21,0.9890388061
0.2338666667,22,0.9872922847
0.2338666667,23,0.9856770044
0.2338666667,24,0.9841791908
0.2338666667,25,0.9827868605
0.2338666667,26,0.9814895521
0.2338666667,27,0.9802781016
0.2338666667,28,0.979144454
0.2338666667,29,0.9780815062
0.2338666667,30,0.977082974
0.2505,-30,0.9735987366
0.2505,-29,0.9746036134
0.2505,-28,0.975673655
0.2505,-27,0.9768152651
0.2505,-26,0.9780356909
0.2505,-25,0.9793431613
0.2505,-24,0.9807470518
0.2505,-23,0.9822580827
0.2505,-22,0.9838885566
0.2505,-21,0.9856526438
0.2505,-20,0.9875667273
0.2505,-19,0.9896498176
0.2505,-18,0.9919240533
0.2505,-17,0.9944153005
0.2505,-16,0.9971538669
0.2505,-15,1.000175338
0.2505,-14,1.003521531
0.2505,-13,1.007241532
0.2505,-12,1.011392714
0.2505,-11,1.016041494
0.2505,-10,1.021263345
0.2505,-9,1.027141053
0.2505,-8,1.033759276
0.2505,-7,1.041191745
0.2505,-6,1.049474575
0.2505,-5,1.058555014
0.2505,-4,1.068201742
0.2505,-3,1.077869768
0.2505,-2,1.086556378
0.2505,-1,1.092800558
0.2505,0,1.095104406
0.2505,1,1.092800558
0.2505,2,1.086556378
0.2505,3,1.077869768
0.2505,4,1.068201742
0.2505,5,1.058555014
0.2505,6,1.049474575
0.2505,7,1.041191745
0.2505,8,1.033759276
0.2505,9,1.027141053
0.2505,10,1.021263345
0.2505,11,1.016041494
0.2505,12,1.011392714
0.2505,13,1.007241532
0.2505,14,1.003521531
0.2505,15,1.000175338
0.2505,16,0.9971538669
0.2505,17,0.9944153005
0.2505,18,0.9919240533
0.2505,19,0.9896498176
0.2505,20,0.9875667273
0.2505,21,0.9856526438
0.2505,22,0.9838885566
0.2505,23,0.9822580827
0.2505,24,0.9807470518
0.2505,25,0.9793431613
0.2505,26,0.9780356909
0.2505,27,0.9768152651
0.2505,28,0.975673655
0.2505,29,0.9746036134
0.2505,30,0.9735987366
0.2671333333,-30,0.9701409877
0.2671333333,-29,0.9711515489
0.2671333333,-28,0.9722279476
0.2671333333,-27,0.9733766958
0.2671333333,-26,0.9746051703
0.2671333333,-25,0.9759217571
0.2671333333,-24,0.9773360234
0.2671333333,-23,0.9788589238
0.2671333333,-22,0.9805030504
0.2671333333,-21,0.9822829336
0.2671333333,-20,0.9842154073
0.2671333333,-19,0.986320052
0.2671333333,-18,0.9886197325
0.2671333333,-17,0.9911412489
0.2671333333,-16,0.9939161202
0.2671333333,-15,0.9969815193
0.2671333333,-14,1.000381364
0.2671333333,-13,1.004167543
0.2671333333,-12,1.008401205
0.2671333333,-11,1.013153891
0.2671333333,-10,1.018508061
0.2671333333,-9,1.024556032
0.2671333333,-8,1.031395354
0.2671333333,-7,1.039116795
0.2671333333,-6,1.04777775
0.2671333333,-5,1.057348761
0.2671333333,-4,1.067615455
0.2671333333,-3,1.078022375
0.2671333333,-2,1.087490115
0.2671333333,-1,1.094376512
0.2671333333,0,1.096936938
0.2671333333,1,1.094376512
0.2671333333,2,1.087490115
0.2671333333,3,1.078022375
0.2671333333,4,1.067615455
0.2671333333,5,1.057348761
0.2671333333,6,1.04777775
0.2671333333,7,1.039116795
0.2671333333,8,1.031395354
0.2671333333,9,1.024556032
0.2671333333,10,1.018508061
0.2671333333,11,1.013153891
0.2671333333,12,1.008401205
0.2671333333,13,1.004167543
0.2671333333,14,1.000381364
0.2671333333,15,0.9969815193
0.2671333333,16,0.9939161202
0.2671333333,17,0.9911412489
0.2671333333,18,0.9886197325
0.2671333333,19,0.986320052
0.2671333333,20,0.9842154073
0.2671333333,21,0.9822829336
0.2671333333,22,0.9805030504
0.2671333333,23,0.9788589238
0.2671333333,24,0.9773360234
0.2671333333,25,0.9759217571
0.2671333333,26,0.9746051703
0.2671333333,27,0.9733766958
0.2671333333,28,0.9722279476
0.2671333333,29,0.9711515489
0.2671333333,30,0.9701409877
0.2837666667,-30,0.9667105082
0.2837666667,-29,0.9677261938
0.2837666667,-28,0.9688083248
0.2837666667,-27,0.9699635109
0.2837666667,-26,0.9711992469
0.2837666667,-25,0.9725240616
0.2837666667,-24,0.9739476959
0.2837666667,-23,0.9754813182
0.2837666667,-22,0.9771377842
0.2837666667,-21,0.9789319529
0.2837666667,-20,0.9808810707
0.2837666667,-19,0.9830052402
0.2837666667,-18,0.985327993
0.2837666667,-17,0.9878769886
0.2837666667,-16,0.9906848653
0.2837666667,-15,0.9937902667
0.2837666667,-14,0.997239064
0.2837666667,-13,1.001085769
0.2837666667,-12,1.005395082
0.2837666667,-11,1.0102434
0.2837666667,-10,1.015719866
0.2837666667,-9,1.021926014
0.2837666667,-8,1.028972053
0.2837666667,-7,1.036965806
0.2837666667,-6,1.045986597
0.2837666667,-5,1.056030164
0.2837666667,-4,1.066903032
0.2837666667,-3,1.078045361
0.2837666667,-2,1.088306146
0.2837666667,-1,1.095857273
0.2837666667,0,1.098686826
0.2837666667,1,1.095857273
0.2837666667,2,1.088306146
0.2837666667,3,1.078045361
0.2837666667,4,1.066903032
0.2837666667,5,1.056030164
0.2837666667,6,1.045986597
0.2837666667,7,1.036965806
0.2837666667,8,1.028972053
0.2837666667,9,1.021926014
0.2837666667,10,1.015719866
0.2837666667,11,1.0102434
0.2837666667,12,1.005395082
0.2837666667,13,1.001085769
0.2837666667,14,0.997239064
0.2837666667,15,0.9937902667
0.2837666667,16,0.9906848653
0.2837666667,17,0.9878769886
0.2837666667,18,0.985327993
0.2837666667,19,0.9830052402
0.2837666667,20,0.9808810707
0.2837666667,21,0.9789319529
0.2837666667,22,0.9771377842
0.2837666667,23,0.9754813182
0.2837666667,24,0.9739476959
0.2837666667,25,0.9725240616
0.2837666667,26,0.9711992469
0.2837666667,27,0.9699635109
0.2837666667,28,0.9688083248
0.2837666667,29,0.9677261938
0.2837666667,30,0.9667105082
0.3004,-30,0.963307821
0.3004,-29,0.9643281519
0.3004,-28,0.96541548
0.3004,-27,0.9665765043
0.3004,-26,0.9678188271
0.3004,-25,0.9691511075
0.3004,-24,0.970583245
0.3004,-23,0.9721266033
0.3004,-22,0.9737942796
0.3004,-21,0.975601434
0.3004,-20,0.9775656913
0.3004,-19,0.9797076343
0.3004,-18,0.9820514089
0.3004,-17,0.9846254684
0.3004,-16,0.9874634871
0.3004,-15,0.9906054751
0.3004,-14,0.9940991257
0.3004,-13,0.9980014061
0.3004,-12,1.002380362
0.3004,-11,1.007316994
0.3004,-10,1.012906831
0.3004,-9,1.019260307
0.3004,-8,1.026500014
0.3004,-7,1.034750759
0.3004,-6,1.044114258
0.3004,-5,1.054613061
0.3004,-4,1.066078218
0.3004,-3,1.077951494
0.3004,-2,1.08901594
0.3004,-1,1.097253743
0.3004,0,1.100365076
0.3004,1,1.097253743
0.3004,2,1.08901594
0.3004,3,1.077951494
0.3004,4,1.066078218
0.3004,5,1.054613061
0.3004,6,1.044114258
0.3004,7,1.034750759
0.3004,8,1.026500014
0.3004,9,1.019260307
0.3004,10,1.012906831
0.3004,11,1.007316994
0.3004,12,1.002380362
0.3004,13,0.9980014061
0.3004,14,0.9940991257
0.3004,15,0.9906054751
0.3004,16,0.9874634871
0.3004,17,0.9846254684
0.3004,18,0.9820514089
0.3004,19,0.9797076343
0.3004,20,0.9775656913
0.3004,21,0.975601434
0.3004,22,0.9737942796
0.3004,23,0.9721266033
0.3004,24,0.970583245
0.3004,25,0.9691511075
0.3004,26,0.9678188271
0.3004,27,0.9665765043
0.3004,28,0.96541548
0.3004,29,0.9643281519
0.3004,30,0.963307821
0.3170333333,-30,0.9599332558
0.3170333333,-29,0.9609578183
0.3170333333,-28,0.9620498816
0.3170333333,-27,0.9632162263
0.3170333333,-26,0.9644645531
0.3170333333,-25,0.9658036401
0.3170333333,-24,0.9672435328
0.3170333333,-23,0.9687957738
0.3170333333,-22,0.9704736821
0.3170333333,-21,0.9722926949
0.3170333333,-20,0.9742707856
0.3170333333,-19,0.9764289799
0.3170333333,-18,0.9787919914
0.3170333333,-17,0.9813890086
0.3170333333,-16,0.9842546678
0.3170333333,-15,0.9874302514
0.3170333333,-14,0.9909651548
0.3170333333,-13,0.994918649
0.3170333333,-12,0.9993619334
0.3170333333,-11,1.004380374
0.3170333333,-10,1.0100756
0.3170333333,-9,1.016566626
0.3170333333,-8,1.023988129
0.3170333333,-7,1.032481752
0.3170333333,-6,1.042171912
0.3170333333,-5,1.053109331
0.3170333333,-4,1.065152889
0.3170333333,-3,1.077751807
0.3170333333,-2,1.089629323
0.3170333333,-1,1.098575197
0.3170333333,0,1.101981075
0.3170333333,1,1.098575197
0.3170333333,2,1.089629323
0.3170333333,3,1.077751807
0.3170333333,4,1.065152889
0.3170333333,5,1.053109331
0.3170333333,6,1.042171912
0.3170333333,7,1.032481752
0.3170333333,8,1.023988129
0.3170333333,9,1.016566626
0.3170333333,10,1.0100756
0.3170333333,11,1.004380374
0.3170333333,12,0.9993619334
0.3170333333,13,0.994918649
0.3170333333,14,0.9909651548
0.3170333333,15,0.9874302514
0.3170333333,16,0.9842546678
0.3170333333,17,0.9813890086
0.3170333333,18,0.9787919914
0.3170333333,19,0.9764289799
0.3170333333,20,0.9742707856
0.3170333333,21,0.9722926949
0.3170333333,22,0.9704736821
0.3170333333,23,0.9687957738
0.3170333333,24,0.9672435328
0.3170333333,25,0.9658036401
0.3170333333,26,0.9644645531
0.3170333333,27,0.9632162263
0.3170333333,28,0.9620498816
0.3170333333,29,0.9609578183
0.3170333333,30,0.9599332558
0.3336666667,-30,0.9565869952
0.3336666667,-29,0.9576154299
0.3336666667,-28,0.9587118269
0.3336666667,-27,0.9598830415
0.3336666667,-26,0.9611368648
0.3336666667,-25,0.9624821848
0.3336666667,-24,0.9639291809
0.3336666667,-23,0.9654895607
0.3336666667,-22,0.9671768477
0.3336666667,-21,0.9690067346
0.3336666667,-20,0.9709975171
0.3336666667,-19,0.9731706308
0.3336666667,-18,0.9755513154
0.3336666667,-17,0.9781694423
0.3336666667,-16,0.981060543
0.3336666667,-15,0.9842670873
0.3336666667,-14,0.987840064
0.3336666667,-13,0.9918409083
0.3336666667,-12,0.9963437958
0.3336666667,-11,1.001438235
0.3336666667,-10,1.00723168
0.3336666667,-9,1.013851416
0.3336666667,-8,1.021443881
0.3336666667,-7,1.030167353
0.3336666667,-6,1.040169133
0.3336666667,-5,1.051529239
0.3336666667,-4,1.064137383
0.3336666667,-3,1.077455916
0.3336666667,-2,1.090154785
0.3336666667,-1,1.099829591
0.3336666667,0,1.1035429
0.3336666667,1,1.099829591
0.3336666667,2,1.090154785
0.3336666667,3,1.077455916
0.3336666667,4,1.064137383
0.3336666667,5,1.051529239
0.3336666667,6,1.040169133
0.3336666667,7,1.030167353
0.3336666667,8,1.021443881
0.3336666667,9,1.013851416
0.3336666667,10,1.00723168
0.3336666667,11,1.001438235
0.3336666667,12,0.9963437958
0.3336666667,13,0.9918409083
0.3336666667,14,0.987840064
0.3336666667,15,0.9842670873
0.3336666667,16,0.981060543
0.3336666667,17,0.9781694423
0.3336666667,18,0.9755513154
0.3336666667,19,0.9731706308
0.3336666667,20,0.9709975171
0.3336666667,21,0.9690067346
0.3336666667,22,0.9671768477
0.3336666667,23,0.9654895607
0.3336666667,24,0.9639291809
0.3336666667,25,0.9624821848
0.3336666667,26,0.9611368648
0.3336666667,27,0.9598830415
0.3336666667,28,0.9587118269
0.3336666667,29,0.9576154299
0.3336666667,30,0.9565869952
0.3503,-30,0.9532691094
0.3503,-29,0.9543011019
0.3503,-28,0.955401481
0.3503,-27,0.9565771711
0.3503,-26,0.9578360467
0.3503,-25,0.9591870969
0.3503,-24,0.9606406249
0.3503,-23,0.9622084908
0.3503,-22,0.9639044073
0.3503,-21,0.9657443036
0.3503,-20,0.9677467742
0.3503,-19,0.9699336347
0.3503,-18,0.9723306143
0.3503,-17,0.9749682199
0.3503,-16,0.9778828182
0.3503,-15,0.9811179896
0.3503,-14,0.9847262167
0.3503,-13,0.9887709715
0.3503,-12,0.9933292413
0.3503,-11,0.9984944669
0.3503,-10,1.00437967
0.3503,-9,1.011120091
0.3503,-8,1.01887361
0.3503,-7,1.027814884
0.3503,-6,1.038114173
0.3503,-5,1.049881715
0.3503,-4,1.063040762
0.3503,-3,1.077072262
0.3503,-2,1.090599716
0.3503,-1,1.101023795
0.3503,0,1.105057547
0.3503,1,1.101023795
0.3503,2,1.090599716
0.3503,3,1.077072262
0.3503,4,1.063040762
0.3503,5,1.049881715
0.3503,6,1.038114173
0.3503,7,1.027814884
0.3503,8,1.01887361
0.3503,9,1.011120091
0.3503,10,1.00437967
0.3503,11,0.9984944669
0.3503,12,0.9933292413
0.3503,13,0.9887709715
0.3503,14,0.9847262167
0.3503,15,0.9811179896
0.3503,16,0.9778828182
0.3503,17,0.9749682199
0.3503,18,0.9723306143
0.3503,19,0.9699336347
0.3503,20,0.9677467742
0.3503,21,0.9657443036
0.3503,22,0.9639044073
0.3503,23,0.9622084908
0.3503,24,0.9606406249
0.3503,25,0.9591870969
0.3503,26,0.9578360467
0.3503,27,0.9565771711
0.3503,28,0.955401481
0.3503,29,0.9543011019
0.3503,30,0.9532691094
0.3669333333,-30,0.949979582
0.3669333333,-29,0.9510148554
0.3669333333,-28,0.952118907
0.3669333333,-27,0.9532987252
0.3669333333,-26,0.9545622615
0.3669333333,-25,0.9559185988
0.3669333333,-24,0.9573781549
0.3669333333,-23,0.958952931
0.3669333333,-22,0.9606568155
0.3669333333,-21,0.9625059572
0.3669333333,-20,0.9645192281
0.3669333333,-19,0.9667187978
0.3669333333,-18,0.9691308512
0.3669333333,-17,0.9717864886
0.3669333333,-16,0.9747228573
0.3669333333,-15,0.9779845783
0.3669333333,-14,0.9816255381
0.3669333333,-13,0.9857111274
0.3669333333,-12,0.9903209932
0.3669333333,-11,0.9955523125
0.3669333333,-10,1.001523426
0.3669333333,-9,1.008377231
0.3669333333,-8,1.016282713
0.3669333333,-7,1.025430632
0.3669333333,-6,1.036014185
0.3669333333,-5,1.048174569
0.3669333333,-4,1.061871015
0.3669333333,-3,1.076608306
0.3669333333,-2,1.090970596
0.3669333333,-1,1.102163778
0.3669333333,0,1.106531116
0.3669333333,1,1.102163778
0.3669333333,2,1.090970596
0.3669333333,3,1.076608306
0.3669333333,4,1.061871015
0.3669333333,5,1.048174569
0.3669333333,6,1.036014185
0.3669333333,7,1.025430632
0.3669333333,8,1.016282713
0.3669333333,9,1.008377231
0.3669333333,10,1.001523426
0.3669333333,11,0.9955523125
0.3669333333,12,0.9903209932
0.3669333333,13,0.9857111274
0.3669333333,14,0.9816255381
0.3669333333,15,0.9779845783
0.3669333333,16,0.9747228573
0.3669333333,17,0.9717864886
0.3669333333,18,0.9691308512
0.3669333333,19,0.9667187978
0.3669333333,20,0.9645192281
0.3669333333,21,0.9625059572
0.3669333333,22,0.9606568155
0.3669333333,23,0.958952931
0.3669333333,24,0.9573781549
0.3669333333,25,0.9559185988
0.3669333333,26,0.9545622615
0.3669333333,27,0.9532987252
0.3669333333,28,0.952118907
0.3669333333,29,0.9510148554
0.3669333333,30,0.949979582
0.3835666667,-30,0.9467183286
0.3835666667,-29,0.9477566379
0.3835666667,-28,0.9488640881
0.3835666667,-27,0.9500477268
0.3835666667,-26,0.9513155769
0.3835666667,-25,0.9526768085
0.3835666667,-24,0.9541419458
0.3835666667,-23,0.9557231214
0.3835666667,-22,0.9574343867
0.3835666667,-21,0.9592920953
0.3835666667,-20,0.9613153776
0.3835666667,-19,0.9635267335
0.3835666667,-18,0.9659527734
0.3835666667,-17,0.9686251524
0.3835666667,-16,0.9715817498
0.3835666667,-15,0.9748681631
0.3835666667,-14,0.9785395995
0.3835666667,-13,0.982663261
0.3835666667,-12,0.9873213126
0.3835666667,-11,0.9926144843
0.3835666667,-10,0.9986661997
0.3835666667,-9,1.005626723
0.3835666667,-8,1.013675815
0.3835666667,-7,1.023020025
0.3835666667,-6,1.033875397
0.3835666667,-5,1.046414668
0.3835666667,-4,1.06063522
0.3835666667,-3,1.076070681
0.3835666667,-2,1.091273135
0.3835666667,-1,1.103254754
0.3835666667,0,1.107968954
0.3835666667,1,1.103254754
0.3835666667,2,1.091273135
0.3835666667,3,1.076070681
0.3835666667,4,1.06063522
0.3835666667,5,1.046414668
0.3835666667,6,1.033875397
0.3835666667,7,1.023020025
0.3835666667,8,1.013675815
0.3835666667,9,1.005626723
0.3835666667,10,0.9986661997
0.3835666667,11,0.9926144843
0.3835666667,12,0.9873213126
0.3835666667,13,0.982663261
0.3835666667,14,0.9785395995
0.3835666667,15,0.9748681631
0.3835666667,16,0.9715817498
0.3835666667,17,0.9686251524
0.3835666667,18,0.9659527734
0.3835666667,19,0.9635267335
0.3835666667,20,0.9613153776
0.3835666667,21,0.9592920953
0.3835666667,22,0.9574343867
0.3835666667,23,0.9557231214
0.3835666667,24,0.9541419458
0.3835666667,25,0.9526768085
0.3835666667,26,0.9513155769
0.3835666667,27,0.9500477268
0.3835666667,28,0.9488640881
0.3835666667,29,0.9477566379
0.3835666667,30,0.9467183286
0.4002,-30,0.9434852124
0.4002,-29,0.9445263397
0.4002,-28,0.9456369446
0.4002,-27,0.9468241298
0.4002,-26,0.9480959851
0.4002,-25,0.9494617612
0.4002,-24,0.9509320816
0.4002,-23,0.9525192014
0.4002,-22,0.954237324
0.4002,-21,0.9561029939
0.4002,-20,0.9581355833
0.4002,-19,0.9603579004
0.4002,-18,0.9627969542
0.4002,-17,0.9654849199
0.4002,-16,0.9684603635
0.4002,-15,0.971769801
0.4002,-14,0.9754696849
0.4002,-13,0.9796289281
0.4002,-12,0.9843320831
0.4002,-11,0.9896832606
0.4002,-10,0.9958107448
0.4002,-9,1.002871886
0.4002,-8,1.011056889
0.4002,-7,1.02058777
0.4002,-6,1.031703259
0.4002,-5,1.044608074
0.4002,-4,1.059339683
0.4002,-3,1.075465314
0.4002,-2,1.091512401
0.4002,-1,1.104301296
0.4002,0,1.109375771
0.4002,1,1.104301296
0.4002,2,1.091512401
0.4002,3,1.075465314
0.4002,4,1.059339683
0.4002,5,1.044608074
0.4002,6,1.031703259
0.4002,7,1.02058777
0.4002,8,1.011056889
0.4002,9,1.002871886
0.4002,10,0.9958107448
0.4002,11,0.9896832606
0.4002,12,0.9843320831
0.4002,13,0.9796289281
0.4002,14,0.9754696849
0.4002,15,0.971769801
0.4002,16,0.9684603635
0.4002,17,0.9654849199
0.4002,18,0.9627969542
0.4002,19,0.9603579004
0.4002,20,0.9581355833
0.4002,21,0.9561029939
0.4002,22,0.954237324
0.4002,23,0.9525192014
0.4002,24,0.9509320816
0.4002,25,0.9494617612
0.4002,26,0.9480959851
0.4002,27,0.9468241298
0.4002,28,0.9456369446
0.4002,29,0.9445263397
0.4002,30,0.9434852124
0.4168333333,-30,0.9402800551
0.4168333333,-29,0.9413238056
0.4168333333,-28,0.9424373473
0.4168333333,-27,0.9436278343
0.4168333333,-26,0.9449034185
0.4168333333,-25,0.9462734262
0.4168333333,-24,0.9477485735
0.4168333333,-23,0.9493412298
0.4168333333,-22,0.9510657408
0.4168333333,-21,0.9529388294
0.4168333333,-20,0.954980094
0.4168333333,-19,0.957212632
0.4168333333,-18,0.9596638261
0.4168333333,-17,0.9623663399
0.4168333333,-16,0.9653593853
0.4168333333,-15,0.9686903437
0.4168333333,-14,0.9724168426
0.4168333333,-13,0.9766094144
0.4168333333,-12,0.9813548768
0.4168333333,-11,0.9867605606
0.4168333333,-10,0.9929593998
0.4168333333,-9,1.000115561
0.4168333333,-8,1.008429368
0.4168333333,-7,1.018137964
0.4168333333,-6,1.029502558
0.4168333333,-5,1.042760163
0.4168333333,-4,1.057990043
0.4168333333,-3,1.07479753
0.4168333333,-2,1.091692912
0.4168333333,-1,1.105307437
0.4168333333,0,1.110755738
0.4168333333,1,1.105307437
0.4168333333,2,1.091692912
0.4168333333,3,1.07479753
0.4168333333,4,1.057990043
0.4168333333,5,1.042760163
0.4168333333,6,1.029502558
0.4168333333,7,1.018137964
0.4168333333,8,1.008429368
0.4168333333,9,1.000115561
0.4168333333,10,0.9929593998
0.4168333333,11,0.9867605606
0.4168333333,12,0.9813548768
0.4168333333,13,0.9766094144
0.4168333333,14,0.9724168426
0.4168333333,15,0.9686903437
0.4168333333,16,0.9653593853
0.4168333333,17,0.9623663399
0.4168333333,18,0.9596638261
0.4168333333,19,0.957212632
0.4168333333,20,0.954980094
0.4168333333,21,0.9529388294
0.4168333333,22,0.9510657408
0.4168333333,23,0.9493412298
0.4168333333,24,0.9477485735
0.4168333333,25,0.9462734262
0.4168333333,26,0.9449034185
0.4168333333,27,0.9436278343
0.4168333333,28,0.9424373473
0.4168333333,29,0.9413238056
0.4168333333,30,0.9402800551
0.4334666667,-30,0.9371026464
0.4334666667,-29,0.9381488452
0.4334666667,-28,0.939265128
0.4334666667,-27,0.940458697
0.4334666667,-26,0.941737762
0.4334666667,-25,0.9431117201
0.4334666667,-24,0.9445913742
0.4334666667,-23,0.9461892005
0.4334666667,-22,0.947919678
0.4334666667,-21,0.9497996971
0.4334666667,-20,0.9518490681
0.4334666667,-19,0.9540911601
0.4334666667,-18,0.9565537068
0.4334666667,-17,0.9592698313
0.4334666667,-16,0.9622793542
0.4334666667,-15,0.9656304732
0.4334666667,-14,0.9693819269
0.4334666667,-13,0.9736057816
0.4334666667,-12,0.9783910076
0.4334666667,-11,0.9838480045
0.4334666667,-10,0.9901141566
0.4334666667,-9,0.9973601883
0.4334666667,-8,1.005796224
0.4334666667,-7,1.015674186
0.4334666667,-6,1.027277513
0.4334666667,-5,1.040875718
0.4334666667,-4,1.05659136
0.4334666667,-3,1.074072131
0.4334666667,-2,1.091818713
0.4334666667,-1,1.106276743
0.4334666667,0,1.112112562
0.4334666667,1,1.106276743
0.4334666667,2,1.091818713
0.4334666667,3,1.074072131
0.4334666667,4,1.05659136
0.4334666667,5,1.040875718
0.4334666667,6,1.027277513
0.4334666667,7,1.015674186
0.4334666667,8,1.005796224
0.4334666667,9,0.9973601883
0.4334666667,10,0.9901141566
0.4334666667,11,0.9838480045
0.4334666667,12,0.9783910076
0.4334666667,13,0.9736057816
0.4334666667,14,0.9693819269
0.4334666667,15,0.9656304732
0.4334666667,16,0.9622793542
0.4334666667,17,0.9592698313
0.4334666667,18,0.9565537068
0.4334666667,19,0.9540911601
0.4334666667,20,0.9518490681
0.4334666667,21,0.9497996971
0.4334666667,22,0.947919678
0.4334666667,23,0.9461892005
0.4334666667,24,0.9445913742
0.4334666667,25,0.9431117201
0.4334666667,26,0.941737762
0.4334666667,27,0.940458697
0.4334666667,28,0.939265128
0.4334666667,29,0.9381488452
0.4334666667,30,0.9371026464
0.4501,-30,0.9339527503
0.4501,-29,0.9350012398
0.4501,-28,0.9361200874
0.4501,-27,0.9373165401
0.4501,-26,0.9385988624
0.4501,-25,0.9399765175
0.4501,-24,0.9414603895
0.4501,-23,0.9430630551
0.4501,-22,0.9447991184
0.4501,-21,0.9466856269
0.4501,-20,0.9487425903
0.4501,-19,0.950993633
0.4501,-18,0.9534668195
0.4501,-17,0.9561957058
0.4501,-16,0.9592206867
0.4501,-15,0.9625907317
0.4501,-14,0.9663656308
0.4501,-13,0.9706189058
0.4501,-12,0.9754415736
0.4501,-11,0.9809469618
0.4501,-10,0.9872767161
0.4501,-9,0.994607871
0.4501,-8,1.00316004
0.4501,-7,1.013199574
0.4501,-6,1.025031856
0.4501,-5,1.038959008
0.4501,-4,1.055148193
0.4501,-3,1.073293466
0.4501,-2,1.091893445
0.4501,-1,1.10721238
0.4501,0,1.113449549
0.4501,1,1.10721238
0.4501,2,1.091893445
0.4501,3,1.073293466
0.4501,4,1.055148193
0.4501,5,1.038959008
0.4501,6,1.025031856
0.4501,7,1.013199574
0.4501,8,1.00316004
0.4501,9,0.994607871
0.4501,10,0.9872767161
0.4501,11,0.9809469618
0.4501,12,0.9754415736
0.4501,13,0.9706189058
0.4501,14,0.9663656308
0.4501,15,0.9625907317
0.4501,16,0.9592206867
0.4501,17,0.9561957058
0.4501,18,0.9534668195
0.4501,19,0.950993633
0.4501,20,0.9487425903
0.4501,21,0.9466856269
0.4501,22,0.9447991184
0.4501,23,0.9430630551
0.4501,24,0.9414603895
0.4501,25,0.9399765175
0.4501,26,0.9385988624
0.4501,27,0.9373165401
0.4501,28,0.9361200874
0.4501,29,0.9350012398
0.4501,30,0.9339527503
0.4667333333,-30,0.9308301114
0.4667333333,-29,0.9318807491
0.4667333333,-28,0.9330020019
0.4667333333,-27,0.9342011592
0.4667333333,-26,0.9354865363
0.4667333333,-25,0.9368676588
0.4667333333,-24,0.9383554873
0.4667333333,-23,0.9399626926
0.4667333333,-22,0.9417039966
0.4667333333,-21,0.9435965948
0.4667333333,-20,0.9456606845
0.4667333333,-19,0.9479201307
0.4667333333,-18,0.9504033097
0.4667333333,-17,0.9531441864
0.4667333333,-16,0.9561836983
0.4667333333,-15,0.9595715449
0.4667333333,-14,0.9633685132
0.4667333333,-13,0.9676495071
0.4667333333,-12,0.9725074922
0.4667333333,-11,0.9780585911
0.4667333333,-10,0.9844485326
0.4667333333,-9,0.9918604248
0.4667333333,-8,1.000523068
0.4667333333,-7,1.010716885
0.4667333333,-6,1.022768897
0.4667333333,-5,1.037013856
0.4667333333,-4,1.053664664
0.4667333333,-3,1.072465488
0.4667333333,-2,1.091920398
0.4667333333,-1,1.108117167
0.4667333333,0,1.114769661
0.4667333333,1,1.108117167
0.4667333333,2,1.091920398
0.4667333333,3,1.072465488
0.4667333333,4,1.053664664
0.4667333333,5,1.037013856
0.4667333333,6,1.022768897
0.4667333333,7,1.010716885
0.4667333333,8,1.000523068
0.4667333333,9,0.9918604248
0.4667333333,10,0.9844485326
0.4667333333,11,0.9780585911
0.4667333333,12,0.9725074922
0.4667333333,13,0.9676495071
0.4667333333,14,0.9633685132
0.4667333333,15,0.9595715449
0.4667333333,16,0.9561836983
0.4667333333,17,0.9531441864
0.4667333333,18,0.9504033097
0.4667333333,19,0.9479201307
0.4667333333,20,0.9456606845
0.4667333333,21,0.9435965948
0.4667333333,22,0.9417039966
0.4667333333,23,0.9399626926
0.4667333333,24,0.9383554873
0.4667333333,25,0.9368676588
0.4667333333,26,0.9354865363
0.4667333333,27,0.9342011592
0.4667333333,28,0.9330020019
0.4667333333,29,0.9318807491
0.4667333333,30,0.9308301114
0.4833666667,-30,0.927734459
0.4833666667,-29,0.9287871155
0.4833666667,-28,0.9299106287
0.4833666667,-27,0.9311123277
0.4833666667,-26,0.9324005759
0.4833666667,-25,0.9337849575
0.4833666667,-24,0.9352765048
0.4833666667,-23,0.9368879777
0.4833666667,-22,0.938634209
0.4833666667,-21,0.9405325333
0.4833666667,-20,0.9426033252
0.4833666667,-19,0.9448706767
0.4833666667,-18,0.9473632588
0.4833666667,-17,0.9501154228
0.4833666667,-16,0.9531686197
0.4833666667,-15,0.9565732411
0.4833666667,-14,0.9603910202
0.4833666667,-13,0.9646981751
0.4833666667,-12,0.9695895278
0.4833666667,-11,0.9751838721
0.4833666667,-10,0.9816308511
0.4833666667,-9,0.9891194199
0.4833666667,-8,0.9978872714
0.4833666667,-7,1.008228551
0.4833666667,-6,1.020491578
0.4833666667,-5,1.035043694
0.4833666667,-4,1.052144505
0.4833666667,-3,1.071591801
0.4833666667,-2,1.091902553
0.4833666667,-1,1.108993622
0.4833666667,0,1.116075558
0.4833666667,1,1.108993622
0.4833666667,2,1.091902553
0.4833666667,3,1.071591801
0.4833666667,4,1.052144505
0.4833666667,5,1.035043694
0.4833666667,6,1.020491578
0.4833666667,7,1.008228551
0.4833666667,8,0.9978872714
0.4833666667,9,0.9891194199
0.4833666667,10,0.9816308511
0.4833666667,11,0.9751838721
0.4833666667,12,0.9695895278
0.4833666667,13,0.9646981751
0.4833666667,14,0.9603910202
0.4833666667,15,0.9565732411
0.4833666667,16,0.9531686197
0.4833666667,17,0.9501154228
0.4833666667,18,0.9473632588
0.4833666667,19,0.9448706767
0.4833666667,20,0.9426033252
0.4833666667,21,0.9405325333
0.4833666667,22,0.938634209
0.4833666667,23,0.9368879777
0.4833666667,24,0.9352765048
0.4833666667,25,0.9337849575
0.4833666667,26,0.9324005759
0.4833666667,27,0.9311123277
0.4833666667,28,0.9299106287
0.4833666667,29,0.9287871155
0.4833666667,30,0.927734459
0.5,-30,0.9246655106
0.5,-29,0.9257200682
0.5,-28,0.9268457099
0.5,-27,0.9280498024
0.5,-26,0.9293407544
0.5,-25,0.9307282052
0.5,-24,0.9322232549
0.5,-23,0.9338387473
0.5,-22,0.9355896198
0.5,-21,0.9374933388
0.5,-20,0.9395704459
0.5,-19,0.941845248
0.5,-18,0.9443466947
0.5,-17,0.9471095031
0.5,-16,0.9501756112
0.5,-15,0.9535960673
0.5,-14,0.9574335033
0.5,-13,0.9617653885
0.5,-12,0.9666883159
0.5,-11,0.972323633
0.5,-10,0.978824738
0.5,-9,0.9863862169
0.5,-8,0.9952543706
0.5,-7,1.005736717
0.5,-6,1.018202525
0.5,-5,1.033051612
0.5,-4,1.050591109
0.5,-3,1.070675702
0.5,-2,1.091842625
0.5,-1,1.109843998
0.5,0,1.117369635
0.5,1,1.109843998
0.5,2,1.091842625
0.5,3,1.070675702
0.5,4,1.050591109
0.5,5,1.033051612
0.5,6,1.018202525
0.5,7,1.005736717
0.5,8,0.9952543706
0.5,9,0.9863862169
0.5,10,0.978824738
0.5,11,0.972323633
0.5,12,0.9666883159
0.5,13,0.9617653885
0.5,14,0.9574335033
0.5,15,0.9535960673
0.5,16,0.9501756112
0.5,17,0.9471095031
0.5,18,0.9443466947
0.5,19,0.941845248
0.5,20,0.9395704459
0.5,21,0.9374933388
0.5,22,0.9355896198
0.5,23,0.9338387473
0.5,24,0.9322232549
0.5,25,0.9307282052
0.5,26,0.9293407544
0.5,27,0.9280498024
0.5,28,0.9268457099
0.5,29,0.9257200682
0.5,30,0.9246655106
