k,q,bid_depth
0.15,-30,3.173159061
0.15,-29,3.28320039
0.15,-28,3.393338601
0.15,-27,3.503575448
0.15,-26,3.613911847
0.15,-25,3.724347977
0.15,-24,3.834883371
0.15,-23,3.945516989
0.15,-22,4.056247282
0.15,-21,4.16707225
0.15,-20,4.277989493
0.15,-19,4.388996251
0.15,-18,4.500089446
0.15,-17,4.611265712
0.15,-16,4.722521428
0.15,-15,4.833852746
0.15,-14,4.945255611
0.15,-13,5.056725784
0.15,-12,5.168258866
0.15,-11,5.279850309
0.15,-10,5.391495436
0.15,-9,5.503189457
0.15,-8,5.614927479
0.15,-7,5.726704523
0.15,-6,5.838515533
0.15,-5,5.95035539
0.15,-4,6.06221892
0.15,-3,6.174100907
0.15,-2,6.2859961
0.15,-1,6.397899227
0.15,0,6.509805
0.15,1,6.621708127
0.15,2,6.733603321
0.15,3,6.845485308
0.15,4,6.957348838
0.15,5,7.069188695
0.15,6,7.180999705
0.15,7,7.292776749
0.15,8,7.404514771
0.15,9,7.516208791
0.15,10,7.627853918
0.15,11,7.739445361
0.15,12,7.850978443
0.15,13,7.962448617
0.15,14,8.073851482
0.15,15,8.185182799
0.15,16,8.296438516
0.15,17,8.407614782
0.15,18,8.518707976
0.15,19,8.629714734
0.15,20,8.740631977
0.15,21,8.851456946
0.15,22,8.962187239
0.15,23,9.072820857
0.15,24,9.183356251
0.15,25,9.293792381
0.15,26,9.404128779
0.15,27,9.514365626
0.15,28,9.624503838
0.15,29,9.734545166
0.15,30,9.844492318
0.2116666667,-30,1.865250065
0.2116666667,-29,1.956528653
0.2116666667,-28,2.048002195
0.2116666667,-27,2.139665648
0.2116666667,-26,2.23151372
0.2116666667,-25,2.323540895
0.2116666667,-24,2.415741452
0.2116666667,-23,2.508109487
0.2116666667,-22,2.600638924
0.2116666667,-21,2.693323534
0.2116666667,-20,2.786156944
0.2116666667,-19,2.87913265
0.2116666667,-18,2.972244024
0.2116666667,-17,3.065484327
0.2116666667,-16,3.158846715
0.2116666667,-15,3.252324249
0.2116666667,-14,3.345909898
0.2116666667,-13,3.439596551
0.2116666667,-12,3.533377021
0.2116666667,-11,3.627244052
0.2116666667,-10,3.721190323
0.2116666667,-9,3.815208458
0.2116666667,-8,3.909291029
0.2116666667,-7,4.003430561
0.2116666667,-6,4.097619541
0.2116666667,-5,4.191850419
0.2116666667,-4,4.286115617
0.2116666667,-3,4.380407534
0.2116666667,-2,4.474718548
0.2116666667,-1,4.569041026
0.2116666667,0,4.663367326
0.2116666667,1,4.757689805
0.2116666667,2,4.852000819
0.2116666667,3,4.946292735
0.2116666667,4,5.040557934
0.2116666667,5,5.134788812
0.2116666667,6,5.228977791
0.2116666667,7,5.323117324
0.2116666667,8,5.417199894
0.2116666667,9,5.511218029
0.2116666667,10,5.605164301
0.2116666667,11,5.699031331
0.2116666667,12,5.792811801
0.2116666667,13,5.886498455
0.2116666667,14,5.980084104
0.2116666667,15,6.073561638
0.2116666667,16,6.166924026
0.2116666667,17,6.260164329
0.2116666667,18,6.353275703
0.2116666667,19,6.446251408
0.2116666667,20,6.539084818
0.2116666667,21,6.631769429
0.2116666667,22,6.724298866
0.2116666667,23,6.816666901
0.2116666667,24,6.908867458
0.2116666667,25,7.000894633
0.2116666667,26,7.092742705
0.2116666667,27,7.184406158
0.2116666667,28,7.2758797
0.2116666667,29,7.367158288
0.2116666667,30,7.458237159
0.2733333333,-30,1.174466582
0.2733333333,-29,1.254117784
0.2733333333,-28,1.334001645
0.2733333333,-27,1.414111617
0.2733333333,-26,1.494440986
0.2733333333,-25,1.574982874
0.2733333333,-24,1.655730249
0.2733333333,-23,1.736675928
0.2733333333,-22,1.817812582
0.2733333333,-21,1.899132744
0.2733333333,-20,1.980628811
0.2733333333,-19,2.062293052
0.2733333333,-18,2.144117613
0.2733333333,-17,2.22609452
0.2733333333,-16,2.308215686
0.2733333333,-15,2.390472921
0.2733333333,-14,2.472857928
0.2733333333,-13,2.55536232
0.2733333333,-12,2.637977618
0.2733333333,-11,2.720695261
0.2733333333,-10,2.80350661
0.2733333333,-9,2.886402956
0.2733333333,-8,2.969375526
0.2733333333,-7,3.052415489
0.2733333333,-6,3.135513964
0.2733333333,-5,3.218662024
0.2733333333,-4,3.301850706
0.2733333333,-3,3.385071014
0.2733333333,-2,3.468313929
0.2733333333,-1,3.551570417
0.2733333333,0,3.634831429
0.2733333333,1,3.718087916
0.2733333333,2,3.801330831
0.2733333333,3,3.88455114
0.2733333333,4,3.967739821
0.2733333333,5,4.050887881
0.2733333333,6,4.133986356
0.2733333333,7,4.21702632
0.2733333333,8,4.29999889
0.2733333333,9,4.382895236
0.2733333333,10,4.465706584
0.2733333333,11,4.548424227
0.2733333333,12,4.631039525
0.2733333333,13,4.713543917
0.2733333333,14,4.795928925
0.2733333333,15,4.878186159
0.2733333333,16,4.960307326
0.2733333333,17,5.042284232
0.2733333333,18,5.124108793
0.2733333333,19,5.205773034
0.2733333333,20,5.287269102
0.2733333333,21,5.368589263
0.2733333333,22,5.449725918
0.2733333333,23,5.530671596
0.2733333333,24,5.611418971
0.2733333333,25,5.691960859
0.2733333333,26,5.772290228
0.2733333333,27,5.8524002
0.2733333333,28,5.932284061
0.2733333333,29,6.011935264
0.2733333333,30,6.091347433
0.335,-30,0.7594042751
0.335,-29,0.8307487122
0.335,-28,0.9023516406
0.335,-27,0.9742061212
0.335,-26,1.046305009
0.335,-25,1.118640954
0.335,-24,1.191206412
0.335,-23,1.26399364
0.335,-22,1.336994709
0.335,-21,1.410201504
0.335,-20,1.483605733
0.335,-19,1.55719893
0.335,-18,1.630972464
0.335,-17,1.704917541
0.335,-16,1.779025217
0.335,-15,1.853286401
0.335,-14,1.927691861
0.335,-13,2.002232237
0.335,-12,2.076898042
0.335,-11,2.151679678
0.335,-10,2.226567436
0.335,-9,2.301551512
0.335,-8,2.37662201
0.335,-7,2.451768956
0.335,-6,2.526982302
0.335,-5,2.602251938
0.335,-4,2.677567703
0.335,-3,2.752919391
0.335,-2,2.828296763
0.335,-1,2.903689554
0.335,0,2.979087487
0.335,1,3.054480279
0.335,2,3.12985765
0.335,3,3.205209338
0.335,4,3.280525103
0.335,5,3.35579474
0.335,6,3.431008085
0.335,7,3.506155031
0.335,8,3.581225529
0.335,9,3.656209605
0.335,10,3.731097364
0.335,11,3.805878999
0.335,12,3.880544805
0.335,13,3.95508518
0.335,14,4.02949064
0.335,15,4.103751824
0.335,16,4.1778595
0.335,17,4.251804578
0.335,18,4.325578111
0.335,19,4.399171308
0.335,20,4.472575537
0.335,21,4.545782332
0.335,22,4.618783401
0.335,23,4.691570629
0.335,24,4.764136087
0.335,25,4.836472033
0.335,26,4.90857092
0.335,27,4.980425401
0.335,28,5.052028329
0.335,29,5.123372766
0.335,30,5.194451983
0.3966666667,-30,0.4883658839
0.3966666667,-29,0.5533387156
0.3966666667,-28,0.618591945
0.3966666667,-27,0.6841185006
0.3966666667,-26,0.7499110494
0.3966666667,-25,0.8159619996
0.3966666667,-24,0.8822635057
0.3966666667,-23,0.9488074726
0.3966666667,-22,1.015585561
0.3966666667,-21,1.082589194
0.3966666667,-20,1.149809563
0.3966666667,-19,1.217237633
0.3966666667,-18,1.284864152
0.3966666667,-17,1.352679659
0.3966666667,-16,1.420674492
0.3966666667,-15,1.488838795
0.3966666667,-14,1.557162529
0.3966666667,-13,1.625635483
0.3966666667,-12,1.694247281
0.3966666667,-11,1.762987395
0.3966666667,-10,1.831845153
0.3966666667,-9,1.900809756
0.3966666667,-8,1.969870282
0.3966666667,-7,2.039015702
0.3966666667,-6,2.108234893
0.3966666667,-5,2.177516648
0.3966666667,-4,2.246849688
0.3966666667,-3,2.316222678
0.3966666667,-2,2.385624236
0.3966666667,-1,2.455042947
0.3966666667,0,2.524467378
0.3966666667,1,2.593886089
0.3966666667,2,2.663287646
0.3966666667,3,2.732660636
0.3966666667,4,2.801993676
0.3966666667,5,2.871275431
0.3966666667,6,2.940494622
0.3966666667,7,3.009640042
0.3966666667,8,3.078700568
0.3966666667,9,3.147665171
0.3966666667,10,3.21652293
0.3966666667,11,3.285263043
0.3966666667,12,3.353874841
0.3966666667,13,3.422347795
0.3966666667,14,3.49067153
0.3966666667,15,3.558835832
0.3966666667,16,3.626830665
0.3966666667,17,3.694646173
0.3966666667,18,3.762272692
0.3966666667,19,3.829700761
0.3966666667,20,3.89692113
0.3966666667,21,3.963924763
0.3966666667,22,4.030702852
0.3966666667,23,4.097246819
0.3966666667,24,4.163548325
0.3966666667,25,4.229599275
0.3966666667,26,4.295391824
0.3966666667,27,4.360918379
0.3966666667,28,4.426171609
0.3966666667,29,4.49114444
0.3966666667,30,4.555830068
0.4583333333,-30,0.3009138413
0.4583333333,-29,0.3607816845
0.4583333333,-28,0.420948954
0.4583333333,-27,0.481408597
0.4583333333,-26,0.5421532407
0.4583333333,-25,0.6031751964
0.4583333333,-24,0.6644664627
0.4583333333,-23,0.7260187307
0.4583333333,-22,0.7878233889
0.4583333333,-21,0.84987153
0.4583333333,-20,0.9121539571
0.4583333333,-19,0.9746611923
0.4583333333,-18,1.037383484
0.4583333333,-17,1.100310818
0.4583333333,-16,1.163432925
0.4583333333,-15,1.226739293
0.4583333333,-14,1.290219176
0.4583333333,-13,1.35386161
0.4583333333,-12,1.417655422
0.4583333333,-11,1.481589243
0.4583333333,-10,1.545651523
0.4583333333,-9,1.609830547
0.4583333333,-8,1.674114443
0.4583333333,-7,1.738491204
0.4583333333,-6,1.802948699
0.4583333333,-5,1.86747469
0.4583333333,-4,1.93205685
0.4583333333,-3,1.996682773
0.4583333333,-2,2.061339998
0.4583333333,-1,2.126016021
0.4583333333,0,2.190698313
0.4583333333,1,2.255374336
0.4583333333,2,2.320031561
0.4583333333,3,2.384657484
0.4583333333,4,2.449239643
0.4583333333,5,2.513765635
0.4583333333,6,2.57822313
0.4583333333,7,2.642599891
0.4583333333,8,2.706883787
0.4583333333,9,2.77106281
0.4583333333,10,2.835125091
0.4583333333,11,2.899058912
0.4583333333,12,2.962852723
0.4583333333,13,3.026495157
0.4583333333,14,3.08997504
0.4583333333,15,3.153281408
0.4583333333,16,3.216403515
0.4583333333,17,3.279330849
0.4583333333,18,3.342053141
0.4583333333,19,3.404560376
0.4583333333,20,3.466842803
0.4583333333,21,3.528890944
0.4583333333,22,3.590695603
0.4583333333,23,3.652247871
0.4583333333,24,3.713539137
0.4583333333,25,3.774561093
0.4583333333,26,3.835305736
0.4583333333,27,3.895765379
0.4583333333,28,3.955932649
0.4583333333,29,4.015800492
0.4583333333,30,4.075362178
0.52,-30,0.1657803104
0.52,-29,0.221430155
0.52,-28,0.2773959599
0.52,-27,0.3336708143
0.52,-26,0.3902474301
0.52,-25,0.4471181447
0.52,-24,0.5042749231
0.52,-23,0.5617093629
0.52,-22,0.6194126989
0.52,-21,0.6773758091
0.52,-20,0.7355892226
0.52,-19,0.7940431268
0.52,-18,0.8527273777
0.52,-17,0.9116315091
0.52,-16,0.9707447444
0.52,-15,1.030056009
0.52,-14,1.089553941
0.52,-13,1.14922691
0.52,-12,1.209063027
0.52,-11,1.269050162
0.52,-10,1.329175961
0.52,-9,1.389427862
0.52,-8,1.449793112
0.52,-7,1.510258788
0.52,-6,1.570811813
0.52,-5,1.631438977
0.52,-4,1.692126957
0.52,-3,1.752862335
0.52,-2,1.813631622
0.52,-1,1.874421275
0.52,0,1.93521772
0.52,1,1.996007372
0.52,2,2.056776659
0.52,3,2.117512037
0.52,4,2.178200017
0.52,5,2.238827181
0.52,6,2.299380206
0.52,7,2.359845882
0.52,8,2.420211132
0.52,9,2.480463033
0.52,10,2.540588832
0.52,11,2.600575967
0.52,12,2.660412084
0.52,13,2.720085053
0.52,14,2.779582986
0.52,15,2.83889425
0.52,16,2.898007485
0.52,17,2.956911616
0.52,18,3.015595867
0.52,19,3.074049772
0.52,20,3.132263185
0.52,21,3.190226295
0.52,22,3.247929631
0.52,23,3.305364071
0.52,24,3.362520849
0.52,25,3.419391564
0.52,26,3.47596818
0.52,27,3.532243034
0.52,28,3.588208839
0.52,29,3.643858684
0.52,30,3.699186035
0.5816666667,-30,0.065282908
0.5816666667,-29,0.1173663878
0.5816666667,-28,0.1697801607
0.5816666667,-27,0.2225175619
0.5816666667,-26,0.2755714932
0.5816666667,-25,0.3289344234
0.5816666667,-24,0.3825983901
0.5816666667,-23,0.4365550023
0.5816666667,-22,0.4907954449
0.5816666667,-21,0.5453104843
0.5816666667,-20,0.6000904752
0.5816666667,-19,0.6551253691
0.5816666667,-18,0.7104047237
0.5816666667,-17,0.7659177142
0.5816666667,-16,0.8216531451
0.5816666667,-15,0.877599464
0.5816666667,-14,0.9337447763
0.5816666667,-13,0.9900768614
0.5816666667,-12,1.046583189
0.5816666667,-11,1.103250939
0.5816666667,-10,1.160067018
0.5816666667,-9,1.217018083
0.5816666667,-8,1.274090558
0.5816666667,-7,1.331270662
0.5816666667,-6,1.388544425
0.5816666667,-5,1.445897717
0.5816666667,-4,1.503316269
0.5816666667,-3,1.560785697
0.5816666667,-2,1.61829153
0.5816666667,-1,1.67581923
0.5816666667,0,1.733354224
0.5816666667,1,1.790881925
0.5816666667,2,1.848387757
0.5816666667,3,1.905857185
0.5816666667,4,1.963275737
0.5816666667,5,2.020629029
0.5816666667,6,2.077902793
0.5816666667,7,2.135082897
0.5816666667,8,2.192155372
0.5816666667,9,2.249106437
0.5816666667,10,2.305922516
0.5816666667,11,2.362590265
0.5816666667,12,2.419096593
0.5816666667,13,2.475428678
0.5816666667,14,2.531573991
0.5816666667,15,2.58752031
0.5816666667,16,2.64325574
0.5816666667,17,2.698768731
0.5816666667,18,2.754048086
0.5816666667,19,2.809082979
0.5816666667,20,2.86386297
0.5816666667,21,2.91837801
0.5816666667,22,2.972618452
0.5816666667,23,3.026575064
0.5816666667,24,3.080239031
0.5816666667,25,3.133601961
0.5816666667,26,3.186655893
0.5816666667,27,3.239393294
0.5816666667,28,3.291807067
0.5816666667,29,3.343890547
0.5816666667,30,3.395637501
0.6433333333,-30,-0.01127380045
0.6433333333,-29,0.03773991004
0.6433333333,-28,0.08709629126
0.6433333333,-27,0.136789011
0.6433333333,-26,0.1868112495
0.6433333333,-25,0.2371556975
0.6433333333,-24,0.2878145561
0.6433333333,-23,0.3387795375
0.6433333333,-22,0.3900418683
0.6433333333,-21,0.4415922938
0.6433333333,-20,0.4934210841
0.6433333333,-19,0.5455180426
0.6433333333,-18,0.5978725148
0.6433333333,-17,0.6504734002
0.6433333333,-16,0.7033091653
0.6433333333,-15,0.7563678579
0.6433333333,-14,0.8096371237
0.6433333333,-13,0.8631042242
0.6433333333,-12,0.9167560557
0.6433333333,-11,0.9705791703
0.6433333333,-10,1.024559798
0.6433333333,-9,1.078683871
0.6433333333,-8,1.132937046
0.6433333333,-7,1.187304733
0.6433333333,-6,1.24177212
0.6433333333,-5,1.2963242
0.6433333333,-4,1.350945804
0.6433333333,-3,1.405621624
0.6433333333,-2,1.460336245
0.6433333333,-1,1.515074178
0.6433333333,0,1.569819887
0.6433333333,1,1.62455782
0.6433333333,2,1.679272442
0.6433333333,3,1.733948261
0.6433333333,4,1.788569865
0.6433333333,5,1.843121945
0.6433333333,6,1.897589332
0.6433333333,7,1.951957019
0.6433333333,8,2.006210194
0.6433333333,9,2.060334267
0.6433333333,10,2.114314895
0.6433333333,11,2.168138009
0.6433333333,12,2.221789841
0.6433333333,13,2.275256941
0.6433333333,14,2.328526207
0.6433333333,15,2.3815849
0.6433333333,16,2.434420665
0.6433333333,17,2.48702155
0.6433333333,18,2.539376023
0.6433333333,19,2.591472981
0.6433333333,20,2.643301771
0.6433333333,21,2.694852197
0.6433333333,22,2.746114528
0.6433333333,23,2.797079509
0.6433333333,24,2.847738368
0.6433333333,25,2.898082816
0.6433333333,26,2.948105054
0.6433333333,27,2.997797774
0.6433333333,28,3.047154155
0.6433333333,29,3.096167866
0.6433333333,30,3.144833057
0.705,-30,-0.07070706337
0.705,-29,-0.02437355604
0.705,-28,0.02231325604
0.705,-27,0.06934744416
0.705,-26,0.116722541
0.705,-25,0.164431536
0.705,-24,0.2124668718
0.705,-23,0.2608204437
0.705,-22,0.3094836003
0.705,-21,0.3584471462
0.705,-20,0.4077013471
0.705,-19,0.4572359369
0.705,-18,0.5070401267
0.705,-17,0.5571026162
0.705,-16,0.6074116071
0.705,-15,0.6579548187
0.705,-14,0.7087195051
0.705,-13,0.759692475
0.705,-12,0.8108601134
0.705,-11,0.8622084041
0.705,-10,0.9137229559
0.705,-9,0.9653890284
0.705,-8,1.017191561
0.705,-7,1.069115201
0.705,-6,1.121144339
0.705,-5,1.173263134
0.705,-4,1.225455554
0.705,-3,1.277705405
0.705,-2,1.329996368
0.705,-1,1.382312035
0.705,0,1.434635942
0.705,1,1.486951608
0.705,2,1.539242572
0.705,3,1.591492423
0.705,4,1.643684842
0.705,5,1.695803638
0.705,6,1.747832775
0.705,7,1.799756416
0.705,8,1.851558948
0.705,9,1.90322502
0.705,10,1.954739572
0.705,11,2.006087863
0.705,12,2.057255501
0.705,13,2.108228471
0.705,14,2.158993158
0.705,15,2.209536369
0.705,16,2.25984536
0.705,17,2.30990785
0.705,18,2.359712039
0.705,19,2.409246629
0.705,20,2.45850083
0.705,21,2.507464376
0.705,22,2.556127533
0.705,23,2.604481105
0.705,24,2.65251644
0.705,25,2.700225435
0.705,26,2.747600532
0.705,27,2.79463472
0.705,28,2.841321532
0.705,29,2.88765504
0.705,30,2.933629846
0.7666666667,-30,-0.1175484447
0.7666666667,-29,-0.07358228613
0.7666666667,-28,-0.02925374776
0.7666666667,-27,0.01543170248
0.7666666667,-26,0.06046801078
0.7666666667,-25,0.1058485292
0.7666666667,-24,0.1515660092
0.7666666667,-23,0.1976125981
0.7666666667,-22,0.2439798364
0.7666666667,-21,0.2906586594
0.7666666667,-20,0.3376393997
0.7666666667,-19,0.3849117928
0.7666666667,-18,0.4324649856
0.7666666667,-17,0.480287547
0.7666666667,-16,0.5283674812
0.7666666667,-15,0.5766922441
0.7666666667,-14,0.625248761
0.7666666667,-13,0.6740234484
0.7666666667,-12,0.7230022368
0.7666666667,-11,0.7721705969
0.7666666667,-10,0.8215135673
0.7666666667,-9,0.8710157843
0.7666666667,-8,0.9206615144
0.7666666667,-7,0.9704346882
0.7666666667,-6,1.020318935
0.7666666667,-5,1.070297621
0.7666666667,-4,1.120353887
0.7666666667,-3,1.170470687
0.7666666667,-2,1.220630831
0.7666666667,-1,1.270817023
0.7666666667,0,1.321011905
0.7666666667,1,1.371198097
0.7666666667,2,1.421358241
0.7666666667,3,1.471475041
0.7666666667,4,1.521531307
0.7666666667,5,1.571509993
0.7666666667,6,1.62139424
0.7666666667,7,1.671167414
0.7666666667,8,1.720813144
0.7666666667,9,1.770315361
0.7666666667,10,1.819658332
0.7666666667,11,1.868826692
0.7666666667,12,1.91780548
0.7666666667,13,1.966580168
0.7666666667,14,2.015136684
0.7666666667,15,2.063461447
0.7666666667,16,2.111541382
0.7666666667,17,2.159363943
0.7666666667,18,2.206917136
0.7666666667,19,2.254189529
0.7666666667,20,2.301170269
0.7666666667,21,2.347849092
0.7666666667,22,2.39421633
0.7666666667,23,2.440262919
0.7666666667,24,2.485980399
0.7666666667,25,2.531360918
0.7666666667,26,2.576397226
0.7666666667,27,2.621082676
0.7666666667,28,2.665411215
0.7666666667,29,2.709377373
0.7666666667,30,2.752976259
0.8283333333,-30,-0.1549155629
0.8283333333,-29,-0.1130605985
0.8283333333,-28,-0.07083557487
0.8283333333,-27,-0.02824545415
0.8283333333,-26,0.01470417277
0.8283333333,-25,0.05800707388
0.8283333333,-24,0.101656366
0.8283333333,-23,0.1456445071
0.8283333333,-22,0.1899632916
0.8283333333,-21,0.2346038477
0.8283333333,-20,0.2795566383
0.8283333333,-19,0.3248114647
0.8283333333,-18,0.3703574732
0.8283333333,-17,0.4161831646
0.8283333333,-16,0.4622764074
0.8283333333,-15,0.508624454
0.8283333333,-14,0.5552139592
0.8283333333,-13,0.6020310028
0.8283333333,-12,0.6490611147
0.8283333333,-11,0.6962893025
0.8283333333,-10,0.7437000829
0.8283333333,-9,0.7912775142
0.8283333333,-8,0.8390052329
0.8283333333,-7,0.886866491
0.8283333333,-6,0.9348441967
0.8283333333,-5,0.9829209563
0.8283333333,-4,1.031079117
0.8283333333,-3,1.079300814
0.8283333333,-2,1.127568014
0.8283333333,-1,1.175862563
0.8283333333,0,1.224166237
0.8283333333,1,1.272460787
0.8283333333,2,1.320727987
0.8283333333,3,1.368949683
0.8283333333,4,1.417107844
0.8283333333,5,1.465184604
0.8283333333,6,1.51316231
0.8283333333,7,1.561023568
0.8283333333,8,1.608751286
0.8283333333,9,1.656328718
0.8283333333,10,1.703739498
0.8283333333,11,1.750967686
0.8283333333,12,1.797997798
0.8283333333,13,1.844814841
0.8283333333,14,1.891404347
0.8283333333,15,1.937752393
0.8283333333,16,1.983845636
0.8283333333,17,2.029671327
0.8283333333,18,2.075217336
0.8283333333,19,2.120472162
0.8283333333,20,2.165424953
0.8283333333,21,2.210065509
0.8283333333,22,2.254384293
0.8283333333,23,2.298372435
0.8283333333,24,2.342021727
0.8283333333,25,2.385324628
0.8283333333,26,2.428274255
0.8283333333,27,2.470864375
0.8283333333,28,2.513089399
0.8283333333,29,2.554944364
0.8283333333,30,2.596424921
0.89,-30,-0.1850157079
0.89,-29,-0.145058782
0.89,-28,-0.1047253676
0.89,-27,-0.06401988661
0.89,-26,-0.02294742802
0.89,-25,0.01848623549
0.89,-24,0.06027463308
0.89,-23,0.1024105841
0.89,-22,0.1448861892
0.89,-21,0.1876928249
0.89,-20,0.2308211408
0.89,-19,0.2742610613
0.89,-18,0.3180017893
0.89,-17,0.3620318152
0.89,-16,0.4063389284
0.89,-15,0.450910233
0.89,-14,0.4957321672
0.89,-13,0.540790526
0.89,-12,0.5860704883
0.89,-11,0.6315566462
0.89,-10,0.677233039
0.89,-9,0.7230831895
0.89,-8,0.7690901433
0.89,-7,0.8152365118
0.89,-6,0.8615045163
0.89,-5,0.9078760358
0.89,-4,0.9543326556
0.89,-3,1.000855719
0.89,-2,1.047426378
0.89,-1,1.09402565
0.89,0,1.140634469
0.89,1,1.187233741
0.89,2,1.233804401
0.89,3,1.280327464
0.89,4,1.326784084
0.89,5,1.373155603
0.89,6,1.419423608
0.89,7,1.465569976
0.89,8,1.51157693
0.89,9,1.557427081
0.89,10,1.603103473
0.89,11,1.648589631
0.89,12,1.693869594
0.89,13,1.738927952
0.89,14,1.783749887
0.89,15,1.828321191
0.89,16,1.872628304
0.89,17,1.91665833
0.89,18,1.960399058
0.89,19,2.003838979
0.89,20,2.046967295
0.89,21,2.08977393
0.89,22,2.132249536
0.89,23,2.174385487
0.89,24,2.216173884
0.89,25,2.257607548
0.89,26,2.298680006
0.89,27,2.339385487
0.89,28,2.379718902
0.89,29,2.419675828
0.89,30,2.459252491
0.9516666667,-30,-0.2094500903
0.9516666667,-29,-0.1712113742
0.9516666667,-28,-0.1325908599
0.9516666667,-27,-0.0935924043
0.9516666667,-26,-0.05422056453
0.9516666667,-25,-0.01448061943
0.9516666667,-24,0.02562141118
0.9516666667,-23,0.0660787502
0.9516666667,-22,0.1068838502
0.9516666667,-21,0.1480283837
0.9516666667,-20,0.1895032372
0.9516666667,-19,0.2312985089
0.9516666667,-18,0.2734035109
0.9516666667,-17,0.3158067752
0.9516666667,-16,0.3584960639
0.9516666667,-15,0.4014583841
0.9516666667,-14,0.4446800073
0.9516666667,-13,0.4881464922
0.9516666667,-12,0.5318427128
0.9516666667,-11,0.5757528902
0.9516666667,-10,0.6198606285
0.9516666667,-9,0.6641489542
0.9516666667,-8,0.7086003597
0.9516666667,-7,0.75319685
0.9516666667,-6,0.7979199925
0.9516666667,-5,0.842750969
0.9516666667,-4,0.8876706314
0.9516666667,-3,0.9326595583
0.9516666667,-2,0.9776981142
0.9516666667,-1,1.022766509
0.9516666667,0,1.067844861
0.9516666667,1,1.112913256
0.9516666667,2,1.157951812
0.9516666667,3,1.202940739
0.9516666667,4,1.247860401
0.9516666667,5,1.292691378
0.9516666667,6,1.33741452
0.9516666667,7,1.382011011
0.9516666667,8,1.426462416
0.9516666667,9,1.470750742
0.9516666667,10,1.51485848
0.9516666667,11,1.558768658
0.9516666667,12,1.602464878
0.9516666667,13,1.645931363
0.9516666667,14,1.689152986
0.9516666667,15,1.732115307
0.9516666667,16,1.774804595
0.9516666667,17,1.817207859
0.9516666667,18,1.859312862
0.9516666667,19,1.901108133
0.9516666667,20,1.942582987
0.9516666667,21,1.98372752
0.9516666667,22,2.02453262
0.9516666667,23,2.064989959
0.9516666667,24,2.10509199
0.9516666667,25,2.144831935
0.9516666667,26,2.184203775
0.9516666667,27,2.22320223
0.9516666667,28,2.261822745
0.9516666667,29,2.300061461
0.9516666667,30,2.337915198
1.013333333,-30,-0.2294047118
1.013333333,-29,-0.1927306948
1.013333333,-28,-0.1556705721
1.013333333,-27,-0.118227619
1.013333333,-26,-0.08040583895
1.013333333,-25,-0.04220999028
1.013333333,-24,-0.003645610757
1.013333333,-23,0.03528096121
1.013333333,-22,0.07456256856
1.013333333,-21,0.1141912214
1.013333333,-20,0.1541580868
1.013333333,-19,0.1944534828
1.013333333,-18,0.2350668774
1.013333333,-17,0.2759868916
1.013333333,-16,0.317201308
1.013333333,-15,0.3586970841
1.013333333,-14,0.4004603708
1.013333333,-13,0.4424765356
1.013333333,-12,0.4847301914
1.013333333,-11,0.5272052296
1.013333333,-10,0.5698848586
1.013333333,-9,0.612751646
1.013333333,-8,0.655787566
1.013333333,-7,0.6989740499
1.013333333,-6,0.7422920415
1.013333333,-5,0.7857220543
1.013333333,-4,0.8292442332
1.013333333,-3,0.8728384176
1.013333333,-2,0.9164842072
1.013333333,-1,0.9601610292
1.013333333,0,1.003848207
1.013333333,1,1.047525029
1.013333333,2,1.091170819
1.013333333,3,1.134765003
1.013333333,4,1.178287182
1.013333333,5,1.221717195
1.013333333,6,1.265035186
1.013333333,7,1.30822167
1.013333333,8,1.35125759
1.013333333,9,1.394124378
1.013333333,10,1.436804007
1.013333333,11,1.479279045
1.013333333,12,1.521532701
1.013333333,13,1.563548865
1.013333333,14,1.605312152
1.013333333,15,1.646807928
1.013333333,16,1.688022345
1.013333333,17,1.728942359
1.013333333,18,1.769555753
1.013333333,19,1.809851149
1.013333333,20,1.849818015
1.013333333,21,1.889446668
1.013333333,22,1.928728275
1.013333333,23,1.967654847
1.013333333,24,2.006219226
1.013333333,25,2.044415075
1.013333333,26,2.082236855
1.013333333,27,2.119679808
1.013333333,28,2.156739931
1.013333333,29,2.193413948
1.013333333,30,2.229699283
1.075,-30,-0.2457740336
1.075,-29,-0.210532328
1.075,-28,-0.1749011056
1.075,-27,-0.1388830505
1.075,-26,-0.1024815978
1.075,-25,-0.06570096566
1.075,-24,-0.02854618549
1.075,-23,0.008976871444
1.075,-22,0.04686147078
1.075,-21,0.0850999958
1.075,-20,0.1236839325
1.075,-19,0.1626038593
1.075,-18,0.2018494421
1.075,-17,0.2414094343
1.075,-16,0.2812716827
1.075,-15,0.3214231387
1.075,-14,0.3618498757
1.075,-13,0.4025371122
1.075,-12,0.4434692407
1.075,-11,0.4846298622
1.075,-10,0.5260018265
1.075,-9,0.5675672774
1.075,-8,0.6093077038
1.075,-7,0.6512039945
1.075,-6,0.6932364983
1.075,-5,0.7353850873
1.075,-4,0.7776292243
1.075,-3,0.819948033
1.075,-2,0.8623203708
1.075,-1,0.904724903
1.075,0,0.9471401796
1.075,1,0.9895447118
1.075,2,1.03191705
1.075,3,1.074235858
1.075,4,1.116479995
1.075,5,1.158628584
1.075,6,1.200661088
1.075,7,1.242557379
1.075,8,1.284297805
1.075,9,1.325863256
1.075,10,1.36723522
1.075,11,1.408395842
1.075,12,1.44932797
1.075,13,1.490015207
1.075,14,1.530441944
1.075,15,1.5705934
1.075,16,1.610455648
1.075,17,1.65001564
1.075,18,1.689261223
1.075,19,1.72818115
1.075,20,1.766765087
1.075,21,1.805003612
1.075,22,1.842888211
1.075,23,1.880411268
1.075,24,1.917566048
1.075,25,1.95434668
1.075,26,1.990748133
1.075,27,2.026766188
1.075,28,2.062397411
1.075,29,2.097639116
1.075,30,2.132489337
1.136666667,-30,-0.2592433732
1.136666667,-29,-0.225318787
1.136666667,-28,-0.1910020737
1.136666667,-27,-0.1562953227
1.136666667,-26,-0.1212013922
1.136666667,-25,-0.08572394681
1.136666667,-24,-0.04986749334
1.136666667,-23,-0.01363741328
1.136666667,-22,0.02296000833
1.136666667,-21,0.0599175581
1.136666667,-20,0.0972270742
1.136666667,-19,0.1348794313
1.136666667,-18,0.1728645309
1.136666667,-17,0.211171298
1.136666667,-16,0.2497876835
1.136666667,-15,0.2887006729
1.136666667,-14,0.3278963025
1.136666667,-13,0.3673596808
1.136666667,-12,0.4070750184
1.136666667,-11,0.4470256626
1.136666667,-10,0.4871941397
1.136666667,-9,0.5275622033
1.136666667,-8,0.568110888
1.136666667,-7,0.6088205694
1.136666667,-6,0.6496710283
1.136666667,-5,0.6906415208
1.136666667,-4,0.7317108514
1.136666667,-3,0.7728574501
1.136666667,-2,0.8140594525
1.136666667,-1,0.8552947823
1.136666667,0,0.8965412356
1.136666667,1,0.9377765655
1.136666667,2,0.9789785679
1.136666667,3,1.020125167
1.136666667,4,1.061194497
1.136666667,5,1.10216499
1.136666667,6,1.143015449
1.136666667,7,1.18372513
1.136666667,8,1.224273815
1.136666667,9,1.264641878
1.136666667,10,1.304810355
1.136666667,11,1.344761
1.136666667,12,1.384476337
1.136666667,13,1.423939716
1.136666667,14,1.463135345
1.136666667,15,1.502048334
1.136666667,16,1.54066472
1.136666667,17,1.578971487
1.136666667,18,1.616956587
1.136666667,19,1.654608944
1.136666667,20,1.69191846
1.136666667,21,1.72887601
1.136666667,22,1.765473431
1.136666667,23,1.801703511
1.136666667,24,1.837559965
1.136666667,25,1.87303741
1.136666667,26,1.908131341
1.136666667,27,1.942838092
1.136666667,28,1.977154805
1.136666667,29,2.011079391
1.136666667,30,2.044610489
1.198333333,-30,-0.2703451587
1.198333333,-29,-0.2376366749
1.198333333,-28,-0.2045341679
1.198333333,-27,-0.1710391344
1.198333333,-26,-0.1371538524
1.198333333,-25,-0.1028814248
1.198333333,-24,-0.06822582117
1.198333333,-23,-0.03319191584
1.198333333,-22,0.002214476921
1.198333333,-21,0.03798657235
1.198333333,-20,0.07411658936
1.198333333,-19,0.1105957301
1.198333333,-18,0.1474141657
1.198333333,-17,0.1845610279
1.198333333,-16,0.2220244081
1.198333333,-15,0.2597913635
1.198333333,-14,0.29784793
1.198333333,-13,0.3361791434
1.198333333,-12,0.3747690679
1.198333333,-11,0.4136008321
1.198333333,-10,0.4526566723
1.198333333,-9,0.4919179828
1.198333333,-8,0.5313653741
1.198333333,-7,0.5709787358
1.198333333,-6,0.6107373071
1.198333333,-5,0.6506197517
1.198333333,-4,0.6906042378
1.198333333,-3,0.7306685228
1.198333333,-2,0.7707900404
1.198333333,-1,0.8109459912
1.198333333,0,0.8511134355
1.198333333,1,0.8912693863
1.198333333,2,0.9313909039
1.198333333,3,0.9714551889
1.198333333,4,1.011439675
1.198333333,5,1.05132212
1.198333333,6,1.091080691
1.198333333,7,1.130694053
1.198333333,8,1.170141444
1.198333333,9,1.209402754
1.198333333,10,1.248458595
1.198333333,11,1.287290359
1.198333333,12,1.325880283
1.198333333,13,1.364211497
1.198333333,14,1.402268063
1.198333333,15,1.440035019
1.198333333,16,1.477498399
1.198333333,17,1.514645261
1.198333333,18,1.551463697
1.198333333,19,1.587942837
1.198333333,20,1.624072854
1.198333333,21,1.65984495
1.198333333,22,1.695251343
1.198333333,23,1.730285248
1.198333333,24,1.764940852
1.198333333,25,1.799213279
1.198333333,26,1.833098561
1.198333333,27,1.866593595
1.198333333,28,1.899696102
1.198333333,29,1.932404585
1.198333333,30,1.964718285
1.26,-30,-0.2794981724
1.26,-29,-0.2479165888
1.26,-28,-0.2159397224
1.26,-27,-0.183568483
1.26,-26,-0.1508045698
1.26,-25,-0.1176505207
1.26,-24,-0.08410975994
1.26,-23,-0.05018664212
1.26,-22,-0.01588649391
1.26,-21,0.01878434929
1.26,-20,0.05381851144
1.26,-19,0.0892075496
1.26,-18,0.1249419341
1.26,-17,0.1610110355
1.26,-16,0.1974031192
1.26,-15,0.234105348
1.26,-14,0.2711037921
1.26,-13,0.308383449
1.26,-12,0.3459282706
1.26,-11,0.3837211992
1.26,-10,0.4217442125
1.26,-9,0.459978376
1.26,-8,0.4984039037
1.26,-7,0.5370002259
1.26,-6,0.5757460643
1.26,-5,0.6146195132
1.26,-4,0.6535981259
1.26,-3,0.6926590064
1.26,-2,0.731778905
1.26,-1,0.7709343172
1.26,0,0.8101015843
1.26,1,0.8492569964
1.26,2,0.888376895
1.26,3,0.9274377755
1.26,4,0.9664163882
1.26,5,1.005289837
1.26,6,1.044035676
1.26,7,1.082631998
1.26,8,1.121057525
1.26,9,1.159291689
1.26,10,1.197314702
1.26,11,1.235107631
1.26,12,1.272652452
1.26,13,1.309932109
1.26,14,1.346930553
1.26,15,1.383632782
1.26,16,1.420024866
1.26,17,1.456093967
1.26,18,1.491828352
1.26,19,1.52721739
1.26,20,1.562251552
1.26,21,1.596922395
1.26,22,1.631222544
1.26,23,1.665145661
1.26,24,1.698686422
1.26,25,1.731840471
1.26,26,1.764604384
1.26,27,1.796975624
1.26,28,1.82895249
1.26,29,1.860534074
1.26,30,1.891720203
1.321666667,-30,-0.2870354545
1.321666667,-29,-0.2565015154
1.321666667,-28,-0.2255715992
1.321666667,-27,-0.1942460389
1.321666667,-26,-0.1625259603
1.321666667,-25,-0.130413337
1.321666667,-24,-0.09791104366
1.321666667,-23,-0.06502290709
1.321666667,-22,-0.03175375367
1.321666667,-21,0.001890547266
1.321666667,-20,0.03590304503
1.321666667,-19,0.07027567516
1.321666667,-18,0.1049992336
1.321666667,-17,0.1400633584
1.321666667,-16,0.1754565192
1.321666667,-15,0.2111660156
1.321666667,-14,0.2471779848
1.321666667,-13,0.2834774176
1.321666667,-12,0.3200481855
1.321666667,-11,0.3568730758
1.321666667,-10,0.3939338373
1.321666667,-9,0.4312112349
1.321666667,-8,0.4686851131
1.321666667,-7,0.506334468
1.321666667,-6,0.5441375273
1.321666667,-5,0.5820718372
1.321666667,-4,0.6201143561
1.321666667,-3,0.6582415535
1.321666667,-2,0.6964295139
1.321666667,-1,0.7346540439
1.321666667,0,0.7728907824
1.321666667,1,0.8111153124
1.321666667,2,0.8493032727
1.321666667,3,0.8874304702
1.321666667,4,0.9254729891
1.321666667,5,0.963407299
1.321666667,6,1.001210358
1.321666667,7,1.038859713
1.321666667,8,1.076333591
1.321666667,9,1.113610989
1.321666667,10,1.15067175
1.321666667,11,1.187496641
1.321666667,12,1.224067409
1.321666667,13,1.260366842
1.321666667,14,1.296378811
1.321666667,15,1.332088307
1.321666667,16,1.367481468
1.321666667,17,1.402545593
1.321666667,18,1.437269151
1.321666667,19,1.471641781
1.321666667,20,1.505654279
1.321666667,21,1.53929858
1.321666667,22,1.572567733
1.321666667,23,1.60545587
1.321666667,24,1.637958163
1.321666667,25,1.670070787
1.321666667,26,1.701790865
1.321666667,27,1.733116425
1.321666667,28,1.764046342
1.321666667,29,1.794580281
1.321666667,30,1.824718647
1.383333333,-30,-0.293224488
1.383333333,-29,-0.2636673846
1.383333333,-28,-0.233714112
1.383333333,-27,-0.2033644388
1.383333333,-26,-0.1726189258
1.383333333,-25,-0.1414789866
1.383333333,-24,-0.1099469461
1.383333333,-23,-0.07802609868
1.383333333,-22,-0.04572076141
1.383333333,-21,-0.01303632469
1.383333333,-20,0.0200207029
1.383333333,-19,0.0534426555
1.383333333,-18,0.0872206778
1.383333333,-17,0.1213447007
1.383333333,-16,0.1558034258
1.383333333,-15,0.1905843185
1.383333333,-14,0.2256736123
1.383333333,-13,0.2610563219
1.383333333,-12,0.2967162679
1.383333333,-11,0.332636112
1.383333333,-10,0.3687974024
1.383333333,-9,0.4051806305
1.383333333,-8,0.441765297
1.383333333,-7,0.4785299876
1.383333333,-6,0.515452458
1.383333333,-5,0.5525097274
1.383333333,-4,0.5896781781
1.383333333,-3,0.6269336628
1.383333333,-2,0.6642516168
1.383333333,-1,0.7016071737
1.383333333,0,0.7389752851
1.383333333,1,0.776330842
1.383333333,2,0.813648796
1.383333333,3,0.8509042807
1.383333333,4,0.8880727314
1.383333333,5,0.9251300008
1.383333333,6,0.9620524712
1.383333333,7,0.9988171618
1.383333333,8,1.035401828
1.383333333,9,1.071785056
1.383333333,10,1.107946347
1.383333333,11,1.143866191
1.383333333,12,1.179526137
1.383333333,13,1.214908846
1.383333333,14,1.24999814
1.383333333,15,1.284779033
1.383333333,16,1.319237758
1.383333333,17,1.353361781
1.383333333,18,1.387139803
1.383333333,19,1.420561756
1.383333333,20,1.453618784
1.383333333,21,1.48630322
1.383333333,22,1.518608557
1.383333333,23,1.550529405
1.383333333,24,1.582061445
1.383333333,25,1.613201385
1.383333333,26,1.643946898
1.383333333,27,1.674296571
1.383333333,28,1.704249843
1.383333333,29,1.733806947
1.383333333,30,1.762968843
1.445,-30,-0.2982820241
1.445,-29,-0.2696381799
1.445,-28,-0.2405984185
1.445,-27,-0.2111619596
1.445,-26,-0.1813288102
1.445,-25,-0.1510998307
1.445,-24,-0.1204767995
1.445,-23,-0.08946247681
1.445,-22,-0.05806066512
1.445,-21,-0.0262762662
1.445,-20,0.005884666948
1.445,-19,0.03841488398
1.445,-18,0.07130589839
1.445,-17,0.1045479568
1.445,-16,0.1381300172
1.445,-15,0.1720397377
1.445,-14,0.2062634754
1.445,-13,0.240786297
1.445,-12,0.2755920004
1.445,-11,0.3106631493
1.445,-10,0.3459811184
1.445,-9,0.3815261513
1.445,-8,0.417277429
1.445,-7,0.4532131499
1.445,-6,0.4893106192
1.445,-5,0.5255463482
1.445,-4,0.5618961617
1.445,-3,0.5983353126
1.445,-2,0.6348386025
1.445,-1,0.6713805069
1.445,0,0.7079353049
1.445,1,0.7444772094
1.445,2,0.7809804992
1.445,3,0.8174196501
1.445,4,0.8537694636
1.445,5,0.8900051927
1.445,6,0.9261026619
1.445,7,0.9620383828
1.445,8,0.9977896605
1.445,9,1.033334693
1.445,10,1.068652663
1.445,11,1.103723811
1.445,12,1.138529515
1.445,13,1.173052336
1.445,14,1.207276074
1.445,15,1.241185795
1.445,16,1.274767855
1.445,17,1.308009913
1.445,18,1.340900928
1.445,19,1.373431145
1.445,20,1.405592078
1.445,21,1.437376477
1.445,22,1.468778289
1.445,23,1.499792611
1.445,24,1.530415643
1.445,25,1.560644622
1.445,26,1.590477771
1.445,27,1.61991423
1.445,28,1.648953992
1.445,29,1.677597836
1.445,30,1.705847265
1.506666667,-30,-0.3023851265
1.506666667,-29,-0.2745972009
1.506666667,-28,-0.2464140029
1.506666667,-27,-0.2178342199
1.506666667,-26,-0.1888573186
1.506666667,-25,-0.1594836157
1.506666667,-24,-0.1297143486
1.506666667,-23,-0.09955174513
1.506666667,-22,-0.06899909035
1.506666667,-21,-0.03806079084
1.506666667,-20,-0.006742433621
1.506666667,-19,0.02494916053
1.506666667,-18,0.05700589115
1.506666667,-17,0.08941834052
1.506666667,-16,0.1221757457
1.506666667,-15,0.1552659815
1.506666667,-14,0.1886755541
1.506666667,-13,0.2223896083
1.506666667,-12,0.2563919459
1.506666667,-11,0.2906650588
1.506666667,-10,0.3251901736
1.506666667,-9,0.3599473108
1.506666667,-8,0.394915355
1.506666667,-7,0.4300721391
1.506666667,-6,0.4653945381
1.506666667,-5,0.5008585745
1.506666667,-4,0.5364395329
1.506666667,-3,0.5721120822
1.506666667,-2,0.6078504054
1.506666667,-1,0.6436283345
1.506666667,0,0.6794194893
1.506666667,1,0.7151974184
1.506666667,2,0.7509357416
1.506666667,3,0.7866082909
1.506666667,4,0.8221892492
1.506666667,5,0.8576532856
1.506666667,6,0.8929756846
1.506666667,7,0.9281324687
1.506666667,8,0.963100513
1.506666667,9,0.9978576501
1.506666667,10,1.032382765
1.506666667,11,1.066655878
1.506666667,12,1.100658215
1.506666667,13,1.13437227
1.506666667,14,1.167781842
1.506666667,15,1.200872078
1.506666667,16,1.233629483
1.506666667,17,1.266041933
1.506666667,18,1.298098663
1.506666667,19,1.329790257
1.506666667,20,1.361108615
1.506666667,21,1.392046914
1.506666667,22,1.422599569
1.506666667,23,1.452762172
1.506666667,24,1.482531439
1.506666667,25,1.511905142
1.506666667,26,1.540882044
1.506666667,27,1.569461827
1.506666667,28,1.597645025
1.506666667,29,1.62543295
1.506666667,30,1.652827625
1.568333333,-30,-0.3056795005
1.568333333,-29,-0.2786955662
1.568333333,-28,-0.2513173501
1.568333333,-27,-0.2235430257
1.568333333,-26,-0.1953715343
1.568333333,-25,-0.1668026608
1.568333333,-24,-0.1378371094
1.568333333,-23,-0.1084765793
1.568333333,-22,-0.07872383846
1.568333333,-21,-0.04858279417
1.568333333,-20,-0.01805855978
1.568333333,-19,0.01284248484
1.568333333,-18,0.04411263993
1.568333333,-17,0.07574284105
1.568333333,-16,0.1077226244
1.568333333,-15,0.1400401032
1.568333333,-14,0.1726819567
1.568333333,-13,0.205633432
1.568333333,-12,0.2388783597
1.568333333,-11,0.2723991847
1.568333333,-10,0.3061770097
1.568333333,-9,0.3401916555
1.568333333,-8,0.3744217328
1.568333333,-7,0.4088447297
1.568333333,-6,0.4434371107
1.568333333,-5,0.4781744275
1.568333333,-4,0.5130314409
1.568333333,-3,0.5479822515
1.568333333,-2,0.583000438
1.568333333,-1,0.6180592023
1.568333333,0,0.6531315179
1.568333333,1,0.6881902821
1.568333333,2,0.7232084687
1.568333333,3,0.7581592792
1.568333333,4,0.7930162926
1.568333333,5,0.8277536094
1.568333333,6,0.8623459904
1.568333333,7,0.8967689873
1.568333333,8,0.9309990647
1.568333333,9,0.9650137104
1.568333333,10,0.9987915355
1.568333333,11,1.03231236
1.568333333,12,1.065557288
1.568333333,13,1.098508763
1.568333333,14,1.131150617
1.568333333,15,1.163468096
1.568333333,16,1.195447879
1.568333333,17,1.22707808
1.568333333,18,1.258348235
1.568333333,19,1.28924928
1.568333333,20,1.319773514
1.568333333,21,1.349914559
1.568333333,22,1.379667299
1.568333333,23,1.40902783
1.568333333,24,1.437993381
1.568333333,25,1.466562254
1.568333333,26,1.494733746
1.568333333,27,1.52250807
1.568333333,28,1.549886286
1.568333333,29,1.576870221
1.568333333,30,1.603462394
1.63,-30,-0.3082858507
1.63,-29,-0.2820587067
1.63,-28,-0.2554385754
1.63,-27,-0.2284231357
1.63,-26,-0.2010108199
1.63,-25,-0.1732008944
1.63,-24,-0.1449935399
1.63,-23,-0.1163899332
1.63,-22,-0.08739232712
1.63,-21,-0.05800412853
1.63,-20,-0.0282299717
1.63,-19,0.001924213331
1.63,-18,0.03245113974
1.63,-17,0.06334211164
1.63,-16,0.09458698219
1.63,-15,0.1261741233
1.63,-14,0.1580904087
1.63,-13,0.1903212106
1.63,-12,0.2228504118
1.63,-11,0.2556604334
1.63,-10,0.2887322778
1.63,-9,0.3220455879
1.63,-8,0.3555787222
1.63,-7,0.3893088441
1.63,-6,0.423212026
1.63,-5,0.4572633664
1.63,-4,0.4914371182
1.63,-3,0.5257068282
1.63,-2,0.5600454849
1.63,-1,0.5944256725
1.63,0,0.628819731
1.63,1,0.6631999186
1.63,2,0.6975385753
1.63,3,0.7318082853
1.63,4,0.7659820371
1.63,5,0.8000333775
1.63,6,0.8339365594
1.63,7,0.8676666813
1.63,8,0.9011998156
1.63,9,0.9345131257
1.63,10,0.9675849701
1.63,11,1.000394992
1.63,12,1.032924193
1.63,13,1.065154995
1.63,14,1.09707128
1.63,15,1.128658421
1.63,16,1.159903292
1.63,17,1.190794264
1.63,18,1.22132119
1.63,19,1.251475375
1.63,20,1.281249532
1.63,21,1.310637731
1.63,22,1.339635337
1.63,23,1.368238943
1.63,24,1.396446298
1.63,25,1.424256223
1.63,26,1.451668539
1.63,27,1.478683979
1.63,28,1.50530411
1.63,29,1.531531254
1.63,30,1.557368408
1.691666667,-30,-0.3103047824
1.691666667,-29,-0.2847913774
1.691666667,-28,-0.2588865457
1.691666667,-27,-0.2325874913
1.691666667,-26,-0.2058921556
1.691666667,-25,-0.1787993004
1.691666667,-24,-0.1513085945
1.691666667,-23,-0.1234207002
1.691666667,-22,-0.09513735979
1.691666667,-21,-0.0664614799
1.691666667,-20,-0.03739721278
1.691666667,-19,-0.007950031999
1.691666667,-18,0.02187319862
1.691666667,-17,0.0520641649
1.691666667,-16,0.08261305281
1.691666667,-15,0.1135085111
1.691666667,-14,0.1447376277
1.691666667,-13,0.1762859214
1.691666667,-12,0.2081373489
1.691666667,-11,0.2402743299
1.691666667,-10,0.272677788
1.691666667,-9,0.3053272102
1.691666667,-8,0.3382007226
1.691666667,-7,0.3712751836
1.691666667,-6,0.4045262914
1.691666667,-5,0.4379287077
1.691666667,-4,0.471456193
1.691666667,-3,0.5050817547
1.691666667,-2,0.5387778035
1.691666667,-1,0.5725163189
1.691666667,0,0.6062690189
1.691666667,1,0.6400075342
1.691666667,2,0.6737035831
1.691666667,3,0.7073291447
1.691666667,4,0.7408566301
1.691666667,5,0.7742590464
1.691666667,6,0.8075101542
1.691666667,7,0.8405846151
1.691666667,8,0.8734581276
1.691666667,9,0.9061075497
1.691666667,10,0.9385110078
1.691666667,11,0.9706479888
1.691666667,12,1.002499416
1.691666667,13,1.03404771
1.691666667,14,1.065276827
1.691666667,15,1.096172285
1.691666667,16,1.126721173
1.691666667,17,1.156912139
1.691666667,18,1.18673537
1.691666667,19,1.216182551
1.691666667,20,1.245246818
1.691666667,21,1.273922698
1.691666667,22,1.302206038
1.691666667,23,1.330093932
1.691666667,24,1.357584638
1.691666667,25,1.384677493
1.691666667,26,1.411372829
1.691666667,27,1.437671883
1.691666667,28,1.463576715
1.691666667,29,1.48909012
1.691666667,30,1.51421555
1.753333333,-30,-0.3118206192
1.753333333,-29,-0.2869815631
1.753333333,-28,-0.2617528729
1.753333333,-27,-0.2361312986
1.753333333,-26,-0.2101143082
1.753333333,-25,-0.1837001749
1.753333333,-24,-0.1568880682
1.753333333,-23,-0.1296781451
1.753333333,-22,-0.1020716434
1.753333333,-21,-0.07407097216
1.753333333,-20,-0.04567980044
1.753333333,-19,-0.01690314069
1.753333333,-18,0.0122525743
1.753333333,-17,0.04177942322
1.753333333,-16,0.0716679388
1.753333333,-15,0.1019070629
1.753333333,-14,0.1324841162
1.753333333,-13,0.1633847833
1.753333333,-12,0.1945931157
1.753333333,-11,0.2260915525
1.753333333,-10,0.2578609594
1.753333333,-9,0.2898806878
1.753333333,-8,0.3221286514
1.753333333,-7,0.3545814215
1.753333333,-6,0.3872143399
1.753333333,-5,0.4200016473
1.753333333,-4,0.4529166267
1.753333333,-3,0.4859317591
1.753333333,-2,0.5190188907
1.753333333,-1,0.5521494073
1.753333333,0,0.5852944168
1.753333333,1,0.6184249335
1.753333333,2,0.651512065
1.753333333,3,0.6845271974
1.753333333,4,0.7174421768
1.753333333,5,0.7502294842
1.753333333,6,0.7828624026
1.753333333,7,0.8153151727
1.753333333,8,0.8475631363
1.753333333,9,0.8795828647
1.753333333,10,0.9113522717
1.753333333,11,0.9428507084
1.753333333,12,0.9740590408
1.753333333,13,1.004959708
1.753333333,14,1.035536761
1.753333333,15,1.065775885
1.753333333,16,1.095664401
1.753333333,17,1.12519125
1.753333333,18,1.154346965
1.753333333,19,1.183123625
1.753333333,20,1.211514796
1.753333333,21,1.239515468
1.753333333,22,1.267121969
1.753333333,23,1.294331892
1.753333333,24,1.321143999
1.753333333,25,1.347558132
1.753333333,26,1.373575123
1.753333333,27,1.399196697
1.753333333,28,1.424425387
1.753333333,29,1.449264443
1.753333333,30,1.473717749
1.815,-30,-0.312904402
1.815,-29,-0.28870355
1.815,-28,-0.2641150583
1.815,-27,-0.2391352433
1.815,-26,-0.2137611183
1.815,-25,-0.1879904842
1.815,-24,-0.1618220246
1.815,-23,-0.1352554024
1.815,-22,-0.108291358
1.815,-21,-0.08093180728
1.815,-20,-0.05317993659
1.815,-19,-0.0250402945
1.815,-18,0.003481123376
1.815,-17,0.03237679794
1.815,-16,0.06163762086
1.815,-15,0.09125284184
1.815,-14,0.1212100308
1.815,-13,0.1514950566
1.815,-12,0.1820920847
1.815,-11,0.2129835934
1.815,-10,0.2441504106
1.815,-9,0.2755717713
1.815,-8,0.3072253955
1.815,-7,0.3390875857
1.815,-6,0.3711333434
1.815,-5,0.4033365041
1.815,-4,0.4356698871
1.815,-3,0.4681054604
1.815,-2,0.5006145172
1.815,-1,0.5331678617
1.815,0,0.5657360018
1.815,1,0.5982893463
1.815,2,0.6307984031
1.815,3,0.6632339764
1.815,4,0.6955673594
1.815,5,0.7277705201
1.815,6,0.7598162778
1.815,7,0.791678468
1.815,8,0.8233320922
1.815,9,0.854753453
1.815,10,0.8859202701
1.815,11,0.9168117788
1.815,12,0.9474088069
1.815,13,0.9776938328
1.815,14,1.007651022
1.815,15,1.037266243
1.815,16,1.066527066
1.815,17,1.09542274
1.815,18,1.123944158
1.815,19,1.1520838
1.815,20,1.179835671
1.815,21,1.207195222
1.815,22,1.234159266
1.815,23,1.260725888
1.815,24,1.286894348
1.815,25,1.312664982
1.815,26,1.338039107
1.815,27,1.363018922
1.815,28,1.387607413
1.815,29,1.411808266
1.815,30,1.435625772
1.876666667,-30,-0.3136162657
1.876666667,-29,-0.2900203615
1.876666667,-28,-0.2660389866
1.876666667,-27,-0.2416680442
1.876666667,-26,-0.2169041116
1.876666667,-25,-0.1917445345
1.876666667,-24,-0.1661875249
1.876666667,-23,-0.1402322632
1.876666667,-22,-0.1138790014
1.876666667,-21,-0.08712916736
1.876666667,-20,-0.05998546728
1.876666667,-19,-0.03245198463
1.876666667,-18,-0.004534273329
1.876666667,-17,0.02376055733
1.876666667,-16,0.05242376851
1.876666667,-15,0.08144493079
1.876666667,-14,0.1108118786
1.876666667,-13,0.1405106821
1.876666667,-12,0.1705256385
1.876666667,-11,0.200839284
1.876666667,-10,0.2314324277
1.876666667,-9,0.262284207
1.876666667,-8,0.2933721661
1.876666667,-7,0.3246723555
1.876666667,-6,0.356159453
1.876666667,-5,0.3878069033
1.876666667,-4,0.4195870758
1.876666667,-3,0.4514714381
1.876666667,-2,0.4834307419
1.876666667,-1,0.5154352204
1.876666667,0,0.5474547923
1.876666667,1,0.5794592708
1.876666667,2,0.6114185746
1.876666667,3,0.6433029369
1.876666667,4,0.6750831094
1.876666667,5,0.7067305597
1.876666667,6,0.7382176572
1.876666667,7,0.7695178466
1.876666667,8,0.8006058057
1.876666667,9,0.831457585
1.876666667,10,0.8620507287
1.876666667,11,0.8923643742
1.876666667,12,0.9223793306
1.876666667,13,0.9520781341
1.876666667,14,0.9814450819
1.876666667,15,1.010466244
1.876666667,16,1.039129455
1.876666667,17,1.067424286
1.876666667,18,1.095341997
1.876666667,19,1.12287548
1.876666667,20,1.15001918
1.876666667,21,1.176769014
1.876666667,22,1.203122276
1.876666667,23,1.229077538
1.876666667,24,1.254634547
1.876666667,25,1.279794124
1.876666667,26,1.304558057
1.876666667,27,1.328928999
1.876666667,28,1.352910374
1.876666667,29,1.376506278
1.876666667,30,1.399721394
1.938333333,-30,-0.3140073357
1.938333333,-29,-0.2909857043
1.938333333,-28,-0.2675809213
1.938333333,-27,-0.2437884971
1.938333333,-26,-0.2196045919
1.938333333,-25,-0.195026113
1.938333333,-24,-0.1700508161
1.938333333,-23,-0.1446774115
1.938333333,-22,-0.1189056727
1.938333333,-21,-0.09273654639
1.938333333,-20,-0.06617226207
1.938333333,-19,-0.03921643849
1.938333333,-18,-0.01187418497
1.938333333,-17,0.01584780507
1.938333333,-16,0.04394117128
1.938333333,-15,0.07239581675
1.938333333,-14,0.1011998542
1.938333333,-13,0.1303395707
1.938333333,-12,0.1597994121
1.938333333,-11,0.1895619903
1.938333333,-10,0.2196081133
1.938333333,-9,0.2499168389
1.938333333,-8,0.2804655527
1.938333333,-7,0.3112300699
1.938333333,-6,0.3421847598
1.938333333,-5,0.3733026906
1.938333333,-4,0.4045557952
1.938333333,-3,0.4359150526
1.938333333,-2,0.4673506844
1.938333333,-1,0.498832363
1.938333333,0,0.5303294277
1.938333333,1,0.5618111063
1.938333333,2,0.5932467381
1.938333333,3,0.6246059955
1.938333333,4,0.6558591001
1.938333333,5,0.6869770309
1.938333333,6,0.7179317208
1.938333333,7,0.748696238
1.938333333,8,0.7792449518
1.938333333,9,0.8095536773
1.938333333,10,0.8395998003
1.938333333,11,0.8693623786
1.938333333,12,0.89882222
1.938333333,13,0.9279619365
1.938333333,14,0.9567659739
1.938333333,15,0.9852206194
1.938333333,16,1.013313986
1.938333333,17,1.041035976
1.938333333,18,1.068378229
1.938333333,19,1.095334053
1.938333333,20,1.121898337
1.938333333,21,1.148067463
1.938333333,22,1.173839202
1.938333333,23,1.199212607
1.938333333,24,1.224187904
1.938333333,25,1.248766383
1.938333333,26,1.272950288
1.938333333,27,1.296742712
1.938333333,28,1.320147495
1.938333333,29,1.343169126
1.938333333,30,1.365812656
2,-30,-0.3141212534
2,-29,-0.2916455347
2,-28,-0.2687891121
2,-27,-0.2455471225
2,-26,-0.2219153283
2,-25,-0.1978902155
2,-24,-0.173469099
2,-23,-0.1486502321
2,-22,-0.1234329204
2,-21,-0.09781763738
2,-20,-0.07180614063
2,-19,-0.0454015858
2,-18,-0.01860863614
2,-17,0.008566435465
2,-16,0.03611565471
2,-15,0.06402926738
2,-14,0.0922956771
2,-13,0.120901402
2,-12,0.1498310526
2,-11,0.1790673332
2,-10,0.2085910676
2,-9,0.2383812509
2,-8,0.268415127
2,-7,0.2986682916
2,-6,0.3291148203
2,-5,0.3597274189
2,-4,0.3904775962
2,-3,0.4213358542
2,-2,0.4522718953
2,-1,0.4832548411
2,0,0.5142534611
2,1,0.5452364069
2,2,0.576172448
2,3,0.607030706
2,4,0.6377808833
2,5,0.6683934819
2,6,0.6988400106
2,7,0.7290931752
2,8,0.7591270514
2,9,0.7889172347
2,10,0.818440969
2,11,0.8476772496
2,12,0.8766069002
2,13,0.9052126251
2,14,0.9334790348
2,15,0.9613926475
2,16,0.9889418667
2,17,1.016116938
2,18,1.042909888
2,19,1.069314443
2,20,1.09532594
2,21,1.120941223
2,22,1.146158534
2,23,1.170977401
2,24,1.195398518
2,25,1.21942363
2,26,1.243055425
2,27,1.266297414
2,28,1.289153837
2,29,1.311629556
2,30,1.333729966
